id,group_name,team,code,number,category,name,image_path,validation_status,notes
1,A,México,MEX 1,1,Escudo,Escudo de México,/stickers/MEX/MEX_1.webp,validado,
2,A,México,MEX 2,2,Jugador,Luis Malagón,/stickers/MEX/MEX_2.webp,validado,
3,A,México,MEX 3,3,Jugador,Johan Vásquez,/stickers/MEX/MEX_3.webp,validado,
4,A,México,MEX 4,4,Jugador,Jorge Sánchez,/stickers/MEX/MEX_4.webp,validado,
5,A,México,MEX 5,5,Jugador,César Montes,/stickers/MEX/MEX_5.webp,validado,
6,A,México,MEX 6,6,Jugador,Jesús Gallardo,/stickers/MEX/MEX_6.webp,validado,
7,A,México,MEX 7,7,Jugador,Israel Reyes,/stickers/MEX/MEX_7.webp,validado,
8,A,México,MEX 8,8,Jugador,Diego Lainez,/stickers/MEX/MEX_8.webp,validado,
9,A,México,MEX 9,9,Jugador,Carlos Rodríguez,/stickers/MEX/MEX_9.webp,validado,
10,A,México,MEX 10,10,Jugador,Edson Álvarez,/stickers/MEX/MEX_10.webp,validado,
11,A,México,MEX 11,11,Jugador,Orbelín Pineda,/stickers/MEX/MEX_11.webp,validado,
12,A,México,MEX 12,12,Jugador,Marcel Ruiz,/stickers/MEX/MEX_12.webp,validado,
13,A,México,MEX 13,13,Equipo,Selección de México,/stickers/MEX/MEX_13.webp,validado,
14,A,México,MEX 14,14,Jugador,Erick Sánchez,/stickers/MEX/MEX_14.webp,validado,
15,A,México,MEX 15,15,Jugador,Hirving Lozano,/stickers/MEX/MEX_15.webp,validado,
16,A,México,MEX 16,16,Jugador,Santiago Giménez,/stickers/MEX/MEX_16.webp,validado,
17,A,México,MEX 17,17,Jugador,Raúl Jiménez,/stickers/MEX/MEX_17.webp,validado,
18,A,México,MEX 18,18,Jugador,Alexis Vega,/stickers/MEX/MEX_18.webp,validado,
19,A,México,MEX 19,19,Jugador,Roberto Alvarado,/stickers/MEX/MEX_19.webp,validado,
20,A,México,MEX 20,20,Jugador,César Huerta,/stickers/MEX/MEX_20.webp,validado,
21,A,Sudáfrica,RSA 1,1,Escudo,Escudo de Sudáfrica,/stickers/RSA/RSA_1.webp,validado,
22,A,Sudáfrica,RSA 2,2,Jugador,Ronwen Williams,/stickers/RSA/RSA_2.webp,validado,
23,A,Sudáfrica,RSA 3,3,Jugador,Sipho Chaine,/stickers/RSA/RSA_3.webp,validado,
24,A,Sudáfrica,RSA 4,4,Jugador,Aubrey Modiba,/stickers/RSA/RSA_4.webp,validado,
25,A,Sudáfrica,RSA 5,5,Jugador,Samukele Kabini,/stickers/RSA/RSA_5.webp,validado,
26,A,Sudáfrica,RSA 6,6,Jugador,Mbekezeli Mbokazi,/stickers/RSA/RSA_6.webp,validado,
27,A,Sudáfrica,RSA 7,7,Jugador,Khuliso Ndamane,/stickers/RSA/RSA_7.webp,validado,
28,A,Sudáfrica,RSA 8,8,Jugador,Sivabonga Ngezana,/stickers/RSA/RSA_8.webp,validado,
29,A,Sudáfrica,RSA 9,9,Jugador,Khuliso Mudau,/stickers/RSA/RSA_9.webp,validado,
30,A,Sudáfrica,RSA 10,10,Jugador,Nkosinathi Sibisi,/stickers/RSA/RSA_10.webp,validado,
31,A,Sudáfrica,RSA 11,11,Jugador,Teboho Mokoena,/stickers/RSA/RSA_11.webp,validado,
32,A,Sudáfrica,RSA 12,12,Jugador,Thalente Mbatha,/stickers/RSA/RSA_12.webp,validado,
33,A,Sudáfrica,RSA 13,13,Información,South Africa,/stickers/RSA/RSA_13.webp,validado,
34,A,Sudáfrica,RSA 14,14,Jugador,Bathusi Aubaas,/stickers/RSA/RSA_14.webp,validado,
35,A,Sudáfrica,RSA 15,15,Jugador,Vumi Sithole,/stickers/RSA/RSA_15.webp,pendiente_revision,Nombre leído de la foto; revisar contra página física si es necesario.
36,A,Sudáfrica,RSA 16,16,Jugador,Sipho Mbule,/stickers/RSA/RSA_16.webp,validado,
37,A,Sudáfrica,RSA 17,17,Jugador,Lyle Foster,/stickers/RSA/RSA_17.webp,validado,
38,A,Sudáfrica,RSA 18,18,Jugador,Iqraam Rayners,/stickers/RSA/RSA_18.webp,validado,
39,A,Sudáfrica,RSA 19,19,Jugador,Mohau Nkota,/stickers/RSA/RSA_19.webp,validado,
40,A,Sudáfrica,RSA 20,20,Jugador,Oswin Appollis,/stickers/RSA/RSA_20.webp,validado,
41,A,Corea del Sur,KOR 1,1,Escudo,Escudo de Corea del Sur,/stickers/KOR/KOR_1.webp,validado,
42,A,Corea del Sur,KOR 2,2,Jugador,Jo Hyeon-woo,/stickers/KOR/KOR_2.webp,validado,
43,A,Corea del Sur,KOR 3,3,Jugador,Kim Seung-gyu,/stickers/KOR/KOR_3.webp,validado,
44,A,Corea del Sur,KOR 4,4,Jugador,Kim Min-jae,/stickers/KOR/KOR_4.webp,validado,
45,A,Corea del Sur,KOR 5,5,Jugador,Cho Yu-min,/stickers/KOR/KOR_5.webp,validado,
46,A,Corea del Sur,KOR 6,6,Jugador,Seol Young-woo,/stickers/KOR/KOR_6.webp,validado,
47,A,Corea del Sur,KOR 7,7,Jugador,Lee Han-beom,/stickers/KOR/KOR_7.webp,validado,
48,A,Corea del Sur,KOR 8,8,Jugador,Lee Tae-seok,/stickers/KOR/KOR_8.webp,validado,
49,A,Corea del Sur,KOR 9,9,Jugador,Lee Myung-jae,/stickers/KOR/KOR_9.webp,validado,
50,A,Corea del Sur,KOR 10,10,Jugador,Lee Jae-sung,/stickers/KOR/KOR_10.webp,validado,
51,A,Corea del Sur,KOR 11,11,Jugador,Hwang In-beom,/stickers/KOR/KOR_11.webp,validado,
52,A,Corea del Sur,KOR 12,12,Jugador,Lee Kang-in,/stickers/KOR/KOR_12.webp,validado,
53,A,Corea del Sur,KOR 13,13,Equipo,Selección de Corea del Sur,/stickers/KOR/KOR_13.webp,validado,
54,A,Corea del Sur,KOR 14,14,Jugador,Park Seung-ho,/stickers/KOR/KOR_14.webp,validado,
55,A,Corea del Sur,KOR 15,15,Jugador,Jens Castrop,/stickers/KOR/KOR_15.webp,validado,
56,A,Corea del Sur,KOR 16,16,Jugador,Lee Dong-gyeong,/stickers/KOR/KOR_16.webp,validado,
57,A,Corea del Sur,KOR 17,17,Jugador,Cho Gue-sung,/stickers/KOR/KOR_17.webp,validado,
58,A,Corea del Sur,KOR 18,18,Jugador,Son Heung-min,/stickers/KOR/KOR_18.webp,validado,
59,A,Corea del Sur,KOR 19,19,Jugador,Hwang Hee-chan,/stickers/KOR/KOR_19.webp,validado,
60,A,Corea del Sur,KOR 20,20,Jugador,Oh Hyeon-gyu,/stickers/KOR/KOR_20.webp,validado,
61,A,Chequia,CZE 1,1,Escudo,Escudo de Chequia,/stickers/CZE/CZE_1.webp,validado,
62,A,Chequia,CZE 2,2,Jugador,Matěj Kovář,/stickers/CZE/CZE_2.webp,validado,
63,A,Chequia,CZE 3,3,Jugador,Jindřich Staněk,/stickers/CZE/CZE_3.webp,validado,
64,A,Chequia,CZE 4,4,Jugador,Ladislav Krejčí,/stickers/CZE/CZE_4.webp,validado,
65,A,Chequia,CZE 5,5,Jugador,Vladimír Coufal,/stickers/CZE/CZE_5.webp,validado,
66,A,Chequia,CZE 6,6,Jugador,Jaroslav Zelený,/stickers/CZE/CZE_6.webp,validado,
67,A,Chequia,CZE 7,7,Jugador,Tomáš Holeš,/stickers/CZE/CZE_7.webp,validado,
68,A,Chequia,CZE 8,8,Jugador,David Zima,/stickers/CZE/CZE_8.webp,validado,
69,A,Chequia,CZE 9,9,Jugador,Michal Sadílek,/stickers/CZE/CZE_9.webp,validado,
70,A,Chequia,CZE 10,10,Jugador,Lukáš Provod,/stickers/CZE/CZE_10.webp,validado,
71,A,Chequia,CZE 11,11,Jugador,Lukáš Červ,/stickers/CZE/CZE_11.webp,validado,
72,A,Chequia,CZE 12,12,Jugador,Tomáš Souček,/stickers/CZE/CZE_12.webp,validado,
73,A,Chequia,CZE 13,13,Equipo,Selección de Chequia,/stickers/CZE/CZE_13.webp,validado,
74,A,Chequia,CZE 14,14,Jugador,Pavel Šulc,/stickers/CZE/CZE_14.webp,validado,
75,A,Chequia,CZE 15,15,Jugador,Matěj Vydra,/stickers/CZE/CZE_15.webp,validado,
76,A,Chequia,CZE 16,16,Jugador,Vasil Kušej,/stickers/CZE/CZE_16.webp,validado,
77,A,Chequia,CZE 17,17,Jugador,Tomáš Chorý,/stickers/CZE/CZE_17.webp,validado,
78,A,Chequia,CZE 18,18,Jugador,Václav Černý,/stickers/CZE/CZE_18.webp,validado,
79,A,Chequia,CZE 19,19,Jugador,Adam Hložek,/stickers/CZE/CZE_19.webp,validado,
80,A,Chequia,CZE 20,20,Jugador,Patrik Schick,/stickers/CZE/CZE_20.webp,validado,
