code,number,team,name,category,source_url
"ALG 1","1","Algeria","Escudo de Algeria","Escudo","https://scanini.app/es/teams/algeria"
"ALG 2","2","Algeria","Alexis Guendouz","Jugador","https://scanini.app/es/teams/algeria"
"ALG 3","3","Algeria","Ramy Bensebaini","Jugador","https://scanini.app/es/teams/algeria"
"ALG 4","4","Algeria","Youcef Atal","Jugador","https://scanini.app/es/teams/algeria"
"ALG 5","5","Algeria","Rayan Aït-Nouri","Jugador","https://scanini.app/es/teams/algeria"
"ALG 6","6","Algeria","Mohamed Amine Tougai","Jugador","https://scanini.app/es/teams/algeria"
"ALG 7","7","Algeria","Aïssa Mandi","Jugador","https://scanini.app/es/teams/algeria"
"ALG 8","8","Algeria","Ismael Bennacer","Jugador","https://scanini.app/es/teams/algeria"
"ALG 9","9","Algeria","Houssem Aquar","Jugador","https://scanini.app/es/teams/algeria"
"ALG 10","10","Algeria","Hicham Boudaoui","Jugador","https://scanini.app/es/teams/algeria"
"ALG 11","11","Algeria","Ramiz Zerrouki","Jugador","https://scanini.app/es/teams/algeria"
"ALG 12","12","Algeria","Nabil Bentalab","Jugador","https://scanini.app/es/teams/algeria"
"ALG 13","13","Algeria","Foto del equipo de Algeria","Equipo","https://scanini.app/es/teams/algeria"
"ALG 14","14","Algeria","Farés Chaibi","Jugador","https://scanini.app/es/teams/algeria"
"ALG 15","15","Algeria","Riyad Mahrez","Jugador","https://scanini.app/es/teams/algeria"
"ALG 16","16","Algeria","Said Benrahma","Jugador","https://scanini.app/es/teams/algeria"
"ALG 17","17","Algeria","Anis Hadj Moussa","Jugador","https://scanini.app/es/teams/algeria"
"ALG 18","18","Algeria","Amine Gouiri","Jugador","https://scanini.app/es/teams/algeria"
"ALG 19","19","Algeria","Baghdad Bounedjah","Jugador","https://scanini.app/es/teams/algeria"
"ALG 20","20","Algeria","Mohammed Amoura","Jugador","https://scanini.app/es/teams/algeria"
"ARG 1","1","Argentina","Escudo de Argentina","Escudo","https://scanini.app/es/teams/argentina"
"ARG 2","2","Argentina","Emiliano Martinez","Jugador","https://scanini.app/es/teams/argentina"
"ARG 3","3","Argentina","Nahuel Molina","Jugador","https://scanini.app/es/teams/argentina"
"ARG 4","4","Argentina","Cristian Romero","Jugador","https://scanini.app/es/teams/argentina"
"ARG 5","5","Argentina","Nicolas Otamendi","Jugador","https://scanini.app/es/teams/argentina"
"ARG 6","6","Argentina","Nicolas Tagliafico","Jugador","https://scanini.app/es/teams/argentina"
"ARG 7","7","Argentina","Leonardo Balerdi","Jugador","https://scanini.app/es/teams/argentina"
"ARG 8","8","Argentina","Enzo Fernandez","Jugador","https://scanini.app/es/teams/argentina"
"ARG 9","9","Argentina","Alexis Mac Allister","Jugador","https://scanini.app/es/teams/argentina"
"ARG 10","10","Argentina","Rodrigo De Paul","Jugador","https://scanini.app/es/teams/argentina"
"ARG 11","11","Argentina","Exequiel Palacios","Jugador","https://scanini.app/es/teams/argentina"
"ARG 12","12","Argentina","Leandro Paredes","Jugador","https://scanini.app/es/teams/argentina"
"ARG 13","13","Argentina","Foto del equipo de Argentina","Equipo","https://scanini.app/es/teams/argentina"
"ARG 14","14","Argentina","Nico Paz","Jugador","https://scanini.app/es/teams/argentina"
"ARG 15","15","Argentina","Franco Mastantuono","Jugador","https://scanini.app/es/teams/argentina"
"ARG 16","16","Argentina","Nico Gonzalez","Jugador","https://scanini.app/es/teams/argentina"
"ARG 17","17","Argentina","Lionel Messi","Jugador","https://scanini.app/es/teams/argentina"
"ARG 18","18","Argentina","Lautaro Martinez","Jugador","https://scanini.app/es/teams/argentina"
"ARG 19","19","Argentina","Julian Alvarez","Jugador","https://scanini.app/es/teams/argentina"
"ARG 20","20","Argentina","Giuliano Simeone","Jugador","https://scanini.app/es/teams/argentina"
"AUS 1","1","Australia","Escudo de Australia","Escudo","https://scanini.app/es/teams/australia"
"AUS 2","2","Australia","Mathew Ryan","Jugador","https://scanini.app/es/teams/australia"
"AUS 3","3","Australia","Joe Gauci","Jugador","https://scanini.app/es/teams/australia"
"AUS 4","4","Australia","Harry Souttar","Jugador","https://scanini.app/es/teams/australia"
"AUS 5","5","Australia","Alessandro Circati","Jugador","https://scanini.app/es/teams/australia"
"AUS 6","6","Australia","Jordan Bos","Jugador","https://scanini.app/es/teams/australia"
"AUS 7","7","Australia","Aziz Behich","Jugador","https://scanini.app/es/teams/australia"
"AUS 8","8","Australia","Cameron Burgess","Jugador","https://scanini.app/es/teams/australia"
"AUS 9","9","Australia","Lewis Miller","Jugador","https://scanini.app/es/teams/australia"
"AUS 10","10","Australia","Milos Degenek","Jugador","https://scanini.app/es/teams/australia"
"AUS 11","11","Australia","Jackson Irvine","Jugador","https://scanini.app/es/teams/australia"
"AUS 12","12","Australia","Riley McGree","Jugador","https://scanini.app/es/teams/australia"
"AUS 13","13","Australia","Foto del equipo de Australia","Equipo","https://scanini.app/es/teams/australia"
"AUS 14","14","Australia","Aiden O'Neill","Jugador","https://scanini.app/es/teams/australia"
"AUS 15","15","Australia","Connor Metcalfe","Jugador","https://scanini.app/es/teams/australia"
"AUS 16","16","Australia","Patrick Yazbek","Jugador","https://scanini.app/es/teams/australia"
"AUS 17","17","Australia","Craig Goodwin","Jugador","https://scanini.app/es/teams/australia"
"AUS 18","18","Australia","Kusini Vengi","Jugador","https://scanini.app/es/teams/australia"
"AUS 19","19","Australia","Nestory Irankunda","Jugador","https://scanini.app/es/teams/australia"
"AUS 20","20","Australia","Mohamed Touré","Jugador","https://scanini.app/es/teams/australia"
"AUT 1","1","Austria","Escudo de Austria","Escudo","https://scanini.app/es/teams/austria"
"AUT 2","2","Austria","Alexander Schlager","Jugador","https://scanini.app/es/teams/austria"
"AUT 3","3","Austria","Patrick Pentz","Jugador","https://scanini.app/es/teams/austria"
"AUT 4","4","Austria","David Alaba","Jugador","https://scanini.app/es/teams/austria"
"AUT 5","5","Austria","Kevin Danso","Jugador","https://scanini.app/es/teams/austria"
"AUT 6","6","Austria","Philipp Lienhart","Jugador","https://scanini.app/es/teams/austria"
"AUT 7","7","Austria","Stefan Posch","Jugador","https://scanini.app/es/teams/austria"
"AUT 8","8","Austria","Phillipp Mwene","Jugador","https://scanini.app/es/teams/austria"
"AUT 9","9","Austria","Alexander Prass","Jugador","https://scanini.app/es/teams/austria"
"AUT 10","10","Austria","Xaver Schlager","Jugador","https://scanini.app/es/teams/austria"
"AUT 11","11","Austria","Marcel Sabitzer","Jugador","https://scanini.app/es/teams/austria"
"AUT 12","12","Austria","Konrad Laimer","Jugador","https://scanini.app/es/teams/austria"
"AUT 13","13","Austria","Foto del equipo de Austria","Equipo","https://scanini.app/es/teams/austria"
"AUT 14","14","Austria","Florian Grillitsch","Jugador","https://scanini.app/es/teams/austria"
"AUT 15","15","Austria","Nicolas Seiwald","Jugador","https://scanini.app/es/teams/austria"
"AUT 16","16","Austria","Romano Schmid","Jugador","https://scanini.app/es/teams/austria"
"AUT 17","17","Austria","Patrick Wimmer","Jugador","https://scanini.app/es/teams/austria"
"AUT 18","18","Austria","Christoph Baumgartner","Jugador","https://scanini.app/es/teams/austria"
"AUT 19","19","Austria","Michael Gregoritsch","Jugador","https://scanini.app/es/teams/austria"
"AUT 20","20","Austria","Marko Arnautović","Jugador","https://scanini.app/es/teams/austria"
"BEL 1","1","Belgium","Escudo de Belgium","Escudo","https://scanini.app/es/teams/belgium"
"BEL 2","2","Belgium","Thibaut Courtois","Jugador","https://scanini.app/es/teams/belgium"
"BEL 3","3","Belgium","Arthur Theate","Jugador","https://scanini.app/es/teams/belgium"
"BEL 4","4","Belgium","Timothy Castagne","Jugador","https://scanini.app/es/teams/belgium"
"BEL 5","5","Belgium","Zeno Debast","Jugador","https://scanini.app/es/teams/belgium"
"BEL 6","6","Belgium","Brandon Mechele","Jugador","https://scanini.app/es/teams/belgium"
"BEL 7","7","Belgium","Maxim De Cuyper","Jugador","https://scanini.app/es/teams/belgium"
"BEL 8","8","Belgium","Thomas Meunier","Jugador","https://scanini.app/es/teams/belgium"
"BEL 9","9","Belgium","Youri Tielemans","Jugador","https://scanini.app/es/teams/belgium"
"BEL 10","10","Belgium","Amadou Onana","Jugador","https://scanini.app/es/teams/belgium"
"BEL 11","11","Belgium","Nicolas Raskin","Jugador","https://scanini.app/es/teams/belgium"
"BEL 12","12","Belgium","Alexis Saelemaekers","Jugador","https://scanini.app/es/teams/belgium"
"BEL 13","13","Belgium","Foto del equipo de Belgium","Equipo","https://scanini.app/es/teams/belgium"
"BEL 14","14","Belgium","Hans Vanaken","Jugador","https://scanini.app/es/teams/belgium"
"BEL 15","15","Belgium","Kevin De Bruyne","Jugador","https://scanini.app/es/teams/belgium"
"BEL 16","16","Belgium","Jérémy Doku","Jugador","https://scanini.app/es/teams/belgium"
"BEL 17","17","Belgium","Charles De Ketelaere","Jugador","https://scanini.app/es/teams/belgium"
"BEL 18","18","Belgium","Leandro Trossard","Jugador","https://scanini.app/es/teams/belgium"
"BEL 19","19","Belgium","Loïs Openda","Jugador","https://scanini.app/es/teams/belgium"
"BEL 20","20","Belgium","Romelu Lukaku","Jugador","https://scanini.app/es/teams/belgium"
"BIH 1","1","Bosnia and Herzegovina","Escudo de Bosnia and Herzegovina","Escudo","https://scanini.app/es/teams/bosnia-and-herzegovina"
"BIH 2","2","Bosnia and Herzegovina","Nikola Vasilj","Jugador","https://scanini.app/es/teams/bosnia-and-herzegovina"
"BIH 3","3","Bosnia and Herzegovina","Amer Dedic","Jugador","https://scanini.app/es/teams/bosnia-and-herzegovina"
"BIH 4","4","Bosnia and Herzegovina","Sead Kolasinac","Jugador","https://scanini.app/es/teams/bosnia-and-herzegovina"
"BIH 5","5","Bosnia and Herzegovina","Tarik Muharemovic","Jugador","https://scanini.app/es/teams/bosnia-and-herzegovina"
"BIH 6","6","Bosnia and Herzegovina","Nihad Mujakic","Jugador","https://scanini.app/es/teams/bosnia-and-herzegovina"
"BIH 7","7","Bosnia and Herzegovina","Nikola Katic","Jugador","https://scanini.app/es/teams/bosnia-and-herzegovina"
"BIH 8","8","Bosnia and Herzegovina","Amir Hadziahmetovic","Jugador","https://scanini.app/es/teams/bosnia-and-herzegovina"
"BIH 9","9","Bosnia and Herzegovina","Benjamin Tahirovic","Jugador","https://scanini.app/es/teams/bosnia-and-herzegovina"
"BIH 10","10","Bosnia and Herzegovina","Armin Gigovic","Jugador","https://scanini.app/es/teams/bosnia-and-herzegovina"
"BIH 11","11","Bosnia and Herzegovina","Ivan Sunjic","Jugador","https://scanini.app/es/teams/bosnia-and-herzegovina"
"BIH 12","12","Bosnia and Herzegovina","Ivan Basic","Jugador","https://scanini.app/es/teams/bosnia-and-herzegovina"
"BIH 13","13","Bosnia and Herzegovina","Foto del equipo de Bosnia and Herzegovina","Equipo","https://scanini.app/es/teams/bosnia-and-herzegovina"
"BIH 14","14","Bosnia and Herzegovina","Dzenis Burnic","Jugador","https://scanini.app/es/teams/bosnia-and-herzegovina"
"BIH 15","15","Bosnia and Herzegovina","Esmir Bajraktarevic","Jugador","https://scanini.app/es/teams/bosnia-and-herzegovina"
"BIH 16","16","Bosnia and Herzegovina","Amar Memic","Jugador","https://scanini.app/es/teams/bosnia-and-herzegovina"
"BIH 17","17","Bosnia and Herzegovina","Ermedin Demirovic","Jugador","https://scanini.app/es/teams/bosnia-and-herzegovina"
"BIH 18","18","Bosnia and Herzegovina","Edin Dzeko","Jugador","https://scanini.app/es/teams/bosnia-and-herzegovina"
"BIH 19","19","Bosnia and Herzegovina","Samed Bazdar","Jugador","https://scanini.app/es/teams/bosnia-and-herzegovina"
"BIH 20","20","Bosnia and Herzegovina","Haris Tabakovic","Jugador","https://scanini.app/es/teams/bosnia-and-herzegovina"
"BRA 1","1","Brazil","Escudo de Brazil","Escudo","https://scanini.app/es/teams/brazil"
"BRA 2","2","Brazil","Alisson","Jugador","https://scanini.app/es/teams/brazil"
"BRA 3","3","Brazil","Bento","Jugador","https://scanini.app/es/teams/brazil"
"BRA 4","4","Brazil","Marquinhos","Jugador","https://scanini.app/es/teams/brazil"
"BRA 5","5","Brazil","Éder Militão","Jugador","https://scanini.app/es/teams/brazil"
"BRA 6","6","Brazil","Gabriel Magalhães","Jugador","https://scanini.app/es/teams/brazil"
"BRA 7","7","Brazil","Danilo","Jugador","https://scanini.app/es/teams/brazil"
"BRA 8","8","Brazil","Wesley","Jugador","https://scanini.app/es/teams/brazil"
"BRA 9","9","Brazil","Lucas Paquetá","Jugador","https://scanini.app/es/teams/brazil"
"BRA 10","10","Brazil","Casemiro","Jugador","https://scanini.app/es/teams/brazil"
"BRA 11","11","Brazil","Bruno Guimarães","Jugador","https://scanini.app/es/teams/brazil"
"BRA 12","12","Brazil","Luiz Henrique","Jugador","https://scanini.app/es/teams/brazil"
"BRA 13","13","Brazil","Foto del equipo de Brazil","Equipo","https://scanini.app/es/teams/brazil"
"BRA 14","14","Brazil","Vinicius Júnior","Jugador","https://scanini.app/es/teams/brazil"
"BRA 15","15","Brazil","Rodrygo","Jugador","https://scanini.app/es/teams/brazil"
"BRA 16","16","Brazil","João Pedro","Jugador","https://scanini.app/es/teams/brazil"
"BRA 17","17","Brazil","Matheus Cunha","Jugador","https://scanini.app/es/teams/brazil"
"BRA 18","18","Brazil","Gabriel Martinelli","Jugador","https://scanini.app/es/teams/brazil"
"BRA 19","19","Brazil","Raphinha","Jugador","https://scanini.app/es/teams/brazil"
"BRA 20","20","Brazil","Estévão","Jugador","https://scanini.app/es/teams/brazil"
"CAN 1","1","Canada","Escudo de Canada","Escudo","https://scanini.app/es/teams/canada"
"CAN 2","2","Canada","Dayne St.Clair","Jugador","https://scanini.app/es/teams/canada"
"CAN 3","3","Canada","Alphonso Davies","Jugador","https://scanini.app/es/teams/canada"
"CAN 4","4","Canada","Alistair Johnston","Jugador","https://scanini.app/es/teams/canada"
"CAN 5","5","Canada","Samuel Adekugbe","Jugador","https://scanini.app/es/teams/canada"
"CAN 6","6","Canada","Riche Larvea","Jugador","https://scanini.app/es/teams/canada"
"CAN 7","7","Canada","Derek Cornelius","Jugador","https://scanini.app/es/teams/canada"
"CAN 8","8","Canada","Moïse Bombito","Jugador","https://scanini.app/es/teams/canada"
"CAN 9","9","Canada","Kamal Miller","Jugador","https://scanini.app/es/teams/canada"
"CAN 10","10","Canada","Stephen Eustáquio","Jugador","https://scanini.app/es/teams/canada"
"CAN 11","11","Canada","Ismaël Koné","Jugador","https://scanini.app/es/teams/canada"
"CAN 12","12","Canada","Jonathan Osorio","Jugador","https://scanini.app/es/teams/canada"
"CAN 13","13","Canada","Foto del equipo de Canada","Equipo","https://scanini.app/es/teams/canada"
"CAN 14","14","Canada","Jacob Shaffelburg","Jugador","https://scanini.app/es/teams/canada"
"CAN 15","15","Canada","Mathieu Choinière","Jugador","https://scanini.app/es/teams/canada"
"CAN 16","16","Canada","Niko Sigur","Jugador","https://scanini.app/es/teams/canada"
"CAN 17","17","Canada","Tajon Buchanan","Jugador","https://scanini.app/es/teams/canada"
"CAN 18","18","Canada","Liam Millar","Jugador","https://scanini.app/es/teams/canada"
"CAN 19","19","Canada","Cyle Larin","Jugador","https://scanini.app/es/teams/canada"
"CAN 20","20","Canada","Jonathan David","Jugador","https://scanini.app/es/teams/canada"
"CIV 1","1","Côte d'Ivoire","Escudo de Côte d'Ivoire","Escudo","https://scanini.app/es/teams/cote-divoire"
"CIV 2","2","Côte d'Ivoire","Yahia Fofana","Jugador","https://scanini.app/es/teams/cote-divoire"
"CIV 3","3","Côte d'Ivoire","Ghislain Konan","Jugador","https://scanini.app/es/teams/cote-divoire"
"CIV 4","4","Côte d'Ivoire","Wilfried Singo","Jugador","https://scanini.app/es/teams/cote-divoire"
"CIV 5","5","Côte d'Ivoire","Odilon Kossounou","Jugador","https://scanini.app/es/teams/cote-divoire"
"CIV 6","6","Côte d'Ivoire","Evan Ndicka","Jugador","https://scanini.app/es/teams/cote-divoire"
"CIV 7","7","Côte d'Ivoire","Willy Boly","Jugador","https://scanini.app/es/teams/cote-divoire"
"CIV 8","8","Côte d'Ivoire","Emmanuel Agbadou","Jugador","https://scanini.app/es/teams/cote-divoire"
"CIV 9","9","Côte d'Ivoire","Ousmane Diomande","Jugador","https://scanini.app/es/teams/cote-divoire"
"CIV 10","10","Côte d'Ivoire","Franck Kessie","Jugador","https://scanini.app/es/teams/cote-divoire"
"CIV 11","11","Côte d'Ivoire","Seko Fofana","Jugador","https://scanini.app/es/teams/cote-divoire"
"CIV 12","12","Côte d'Ivoire","Ibrahim Sangare","Jugador","https://scanini.app/es/teams/cote-divoire"
"CIV 13","13","Côte d'Ivoire","Foto del equipo de Côte d'Ivoire","Equipo","https://scanini.app/es/teams/cote-divoire"
"CIV 14","14","Côte d'Ivoire","Jean-Philippe Gbamin","Jugador","https://scanini.app/es/teams/cote-divoire"
"CIV 15","15","Côte d'Ivoire","Amad Diallo","Jugador","https://scanini.app/es/teams/cote-divoire"
"CIV 16","16","Côte d'Ivoire","Sébastien Haller","Jugador","https://scanini.app/es/teams/cote-divoire"
"CIV 17","17","Côte d'Ivoire","Simon Adingra","Jugador","https://scanini.app/es/teams/cote-divoire"
"CIV 18","18","Côte d'Ivoire","Yan Diomande","Jugador","https://scanini.app/es/teams/cote-divoire"
"CIV 19","19","Côte d'Ivoire","Evann Guessand","Jugador","https://scanini.app/es/teams/cote-divoire"
"CIV 20","20","Côte d'Ivoire","Oumar Diakite","Jugador","https://scanini.app/es/teams/cote-divoire"
"COD 1","1","DR Congo","Escudo de DR Congo","Escudo","https://scanini.app/es/teams/dr-congo"
"COD 2","2","DR Congo","Lionel Mpasi","Jugador","https://scanini.app/es/teams/dr-congo"
"COD 3","3","DR Congo","Aaron Wan-Bissaka","Jugador","https://scanini.app/es/teams/dr-congo"
"COD 4","4","DR Congo","Axel Tuanzebe","Jugador","https://scanini.app/es/teams/dr-congo"
"COD 5","5","DR Congo","Arthur Masuaku","Jugador","https://scanini.app/es/teams/dr-congo"
"COD 6","6","DR Congo","Chancel Mbemba","Jugador","https://scanini.app/es/teams/dr-congo"
"COD 7","7","DR Congo","Joris Kayembe","Jugador","https://scanini.app/es/teams/dr-congo"
"COD 8","8","DR Congo","Charles Pickel","Jugador","https://scanini.app/es/teams/dr-congo"
"COD 9","9","DR Congo","Ngal'ayel Mukau","Jugador","https://scanini.app/es/teams/dr-congo"
"COD 10","10","DR Congo","Edo Kayembe","Jugador","https://scanini.app/es/teams/dr-congo"
"COD 11","11","DR Congo","Samuel Moutoussamy","Jugador","https://scanini.app/es/teams/dr-congo"
"COD 12","12","DR Congo","Noah Sadiki","Jugador","https://scanini.app/es/teams/dr-congo"
"COD 13","13","DR Congo","Foto del equipo de DR Congo","Equipo","https://scanini.app/es/teams/dr-congo"
"COD 14","14","DR Congo","Théo Bongonda","Jugador","https://scanini.app/es/teams/dr-congo"
"COD 15","15","DR Congo","Meschak Elia","Jugador","https://scanini.app/es/teams/dr-congo"
"COD 16","16","DR Congo","Yoane Wissa","Jugador","https://scanini.app/es/teams/dr-congo"
"COD 17","17","DR Congo","Brian Cipenga","Jugador","https://scanini.app/es/teams/dr-congo"
"COD 18","18","DR Congo","Fiston Mayele","Jugador","https://scanini.app/es/teams/dr-congo"
"COD 19","19","DR Congo","Cédric Bakambu","Jugador","https://scanini.app/es/teams/dr-congo"
"COD 20","20","DR Congo","Nathanaël Mbuku","Jugador","https://scanini.app/es/teams/dr-congo"
"COL 1","1","Colombia","Escudo de Colombia","Escudo","https://scanini.app/es/teams/colombia"
"COL 2","2","Colombia","Camilo Vargas","Jugador","https://scanini.app/es/teams/colombia"
"COL 3","3","Colombia","David Ospina","Jugador","https://scanini.app/es/teams/colombia"
"COL 4","4","Colombia","Dávinson Sánchez","Jugador","https://scanini.app/es/teams/colombia"
"COL 5","5","Colombia","Yerry Mina","Jugador","https://scanini.app/es/teams/colombia"
"COL 6","6","Colombia","Daniel Munoz","Jugador","https://scanini.app/es/teams/colombia"
"COL 7","7","Colombia","Johan Mojica","Jugador","https://scanini.app/es/teams/colombia"
"COL 8","8","Colombia","Jhon Lucumí","Jugador","https://scanini.app/es/teams/colombia"
"COL 9","9","Colombia","Santiago Arias","Jugador","https://scanini.app/es/teams/colombia"
"COL 10","10","Colombia","Jefferson Lerma","Jugador","https://scanini.app/es/teams/colombia"
"COL 11","11","Colombia","Kevin Castaño","Jugador","https://scanini.app/es/teams/colombia"
"COL 12","12","Colombia","Richard Rios","Jugador","https://scanini.app/es/teams/colombia"
"COL 13","13","Colombia","Foto del equipo de Colombia","Equipo","https://scanini.app/es/teams/colombia"
"COL 14","14","Colombia","James Rodriguez","Jugador","https://scanini.app/es/teams/colombia"
"COL 15","15","Colombia","Juan Fernando Quintero","Jugador","https://scanini.app/es/teams/colombia"
"COL 16","16","Colombia","Jorge Carrascal","Jugador","https://scanini.app/es/teams/colombia"
"COL 17","17","Colombia","Jon Arias","Jugador","https://scanini.app/es/teams/colombia"
"COL 18","18","Colombia","Jhon Cordova","Jugador","https://scanini.app/es/teams/colombia"
"COL 19","19","Colombia","Luis Suarez","Jugador","https://scanini.app/es/teams/colombia"
"COL 20","20","Colombia","Luis Diaz","Jugador","https://scanini.app/es/teams/colombia"
"CPV 1","1","Cape Verde","Escudo de Cape Verde","Escudo","https://scanini.app/es/teams/cape-verde"
"CPV 2","2","Cape Verde","Vozinha","Jugador","https://scanini.app/es/teams/cape-verde"
"CPV 3","3","Cape Verde","Logan Costa","Jugador","https://scanini.app/es/teams/cape-verde"
"CPV 4","4","Cape Verde","Pico","Jugador","https://scanini.app/es/teams/cape-verde"
"CPV 5","5","Cape Verde","Diney","Jugador","https://scanini.app/es/teams/cape-verde"
"CPV 6","6","Cape Verde","Steven Moreira","Jugador","https://scanini.app/es/teams/cape-verde"
"CPV 7","7","Cape Verde","Wagner Pina","Jugador","https://scanini.app/es/teams/cape-verde"
"CPV 8","8","Cape Verde","Joao Paulo","Jugador","https://scanini.app/es/teams/cape-verde"
"CPV 9","9","Cape Verde","Yannick Semedo","Jugador","https://scanini.app/es/teams/cape-verde"
"CPV 10","10","Cape Verde","Kevin Pina","Jugador","https://scanini.app/es/teams/cape-verde"
"CPV 11","11","Cape Verde","Patrick Andrade","Jugador","https://scanini.app/es/teams/cape-verde"
"CPV 12","12","Cape Verde","Jamiro Monteiro","Jugador","https://scanini.app/es/teams/cape-verde"
"CPV 13","13","Cape Verde","Foto del equipo de Cape Verde","Equipo","https://scanini.app/es/teams/cape-verde"
"CPV 14","14","Cape Verde","Deroy Duarte","Jugador","https://scanini.app/es/teams/cape-verde"
"CPV 15","15","Cape Verde","Garry Rodrigues","Jugador","https://scanini.app/es/teams/cape-verde"
"CPV 16","16","Cape Verde","Jovane Cabral","Jugador","https://scanini.app/es/teams/cape-verde"
"CPV 17","17","Cape Verde","Ryan Mendes","Jugador","https://scanini.app/es/teams/cape-verde"
"CPV 18","18","Cape Verde","Dailon Livramento","Jugador","https://scanini.app/es/teams/cape-verde"
"CPV 19","19","Cape Verde","Willy Semedo","Jugador","https://scanini.app/es/teams/cape-verde"
"CPV 20","20","Cape Verde","Bebe","Jugador","https://scanini.app/es/teams/cape-verde"
"CRO 1","1","Croatia","Escudo de Croatia","Escudo","https://scanini.app/es/teams/croatia"
"CRO 2","2","Croatia","Dominik Livaković","Jugador","https://scanini.app/es/teams/croatia"
"CRO 3","3","Croatia","Duje Caleta-Car","Jugador","https://scanini.app/es/teams/croatia"
"CRO 4","4","Croatia","Josko Gvardiol","Jugador","https://scanini.app/es/teams/croatia"
"CRO 5","5","Croatia","Josip Stanišić","Jugador","https://scanini.app/es/teams/croatia"
"CRO 6","6","Croatia","Luka Vušković","Jugador","https://scanini.app/es/teams/croatia"
"CRO 7","7","Croatia","Josip Sutalo","Jugador","https://scanini.app/es/teams/croatia"
"CRO 8","8","Croatia","Kristijan Jakic","Jugador","https://scanini.app/es/teams/croatia"
"CRO 9","9","Croatia","Luka Modrić","Jugador","https://scanini.app/es/teams/croatia"
"CRO 10","10","Croatia","Mateo Kovacic","Jugador","https://scanini.app/es/teams/croatia"
"CRO 11","11","Croatia","Martin Baturina","Jugador","https://scanini.app/es/teams/croatia"
"CRO 12","12","Croatia","Lovro Majer","Jugador","https://scanini.app/es/teams/croatia"
"CRO 13","13","Croatia","Foto del equipo de Croatia","Equipo","https://scanini.app/es/teams/croatia"
"CRO 14","14","Croatia","Mario Pasalic","Jugador","https://scanini.app/es/teams/croatia"
"CRO 15","15","Croatia","Petar Sucic","Jugador","https://scanini.app/es/teams/croatia"
"CRO 16","16","Croatia","Ivan Perišić","Jugador","https://scanini.app/es/teams/croatia"
"CRO 17","17","Croatia","Marco Pasalic","Jugador","https://scanini.app/es/teams/croatia"
"CRO 18","18","Croatia","Ante Budimir","Jugador","https://scanini.app/es/teams/croatia"
"CRO 19","19","Croatia","Andrej Kramarić","Jugador","https://scanini.app/es/teams/croatia"
"CRO 20","20","Croatia","Franjo Ivanovic","Jugador","https://scanini.app/es/teams/croatia"
"CUW 1","1","Curaçao","Escudo de Curaçao","Escudo","https://scanini.app/es/teams/curacao"
"CUW 2","2","Curaçao","Eloy Room","Jugador","https://scanini.app/es/teams/curacao"
"CUW 3","3","Curaçao","Armando Obispo","Jugador","https://scanini.app/es/teams/curacao"
"CUW 4","4","Curaçao","Sherel Floranus","Jugador","https://scanini.app/es/teams/curacao"
"CUW 5","5","Curaçao","Jurien Gaari","Jugador","https://scanini.app/es/teams/curacao"
"CUW 6","6","Curaçao","Joshua Brenet","Jugador","https://scanini.app/es/teams/curacao"
"CUW 7","7","Curaçao","Roshon Van Eijma","Jugador","https://scanini.app/es/teams/curacao"
"CUW 8","8","Curaçao","Shurandy Sambo","Jugador","https://scanini.app/es/teams/curacao"
"CUW 9","9","Curaçao","Livano Comenencia","Jugador","https://scanini.app/es/teams/curacao"
"CUW 10","10","Curaçao","Godfried Roemeratoe","Jugador","https://scanini.app/es/teams/curacao"
"CUW 11","11","Curaçao","Juninho Bacuna","Jugador","https://scanini.app/es/teams/curacao"
"CUW 12","12","Curaçao","Leandro Bacuna","Jugador","https://scanini.app/es/teams/curacao"
"CUW 13","13","Curaçao","Foto del equipo de Curaçao","Equipo","https://scanini.app/es/teams/curacao"
"CUW 14","14","Curaçao","Tahith Chong","Jugador","https://scanini.app/es/teams/curacao"
"CUW 15","15","Curaçao","Kenji Gorre","Jugador","https://scanini.app/es/teams/curacao"
"CUW 16","16","Curaçao","Jearl Margaritha","Jugador","https://scanini.app/es/teams/curacao"
"CUW 17","17","Curaçao","Jurgen Locadia","Jugador","https://scanini.app/es/teams/curacao"
"CUW 18","18","Curaçao","Jeremy Antonisse","Jugador","https://scanini.app/es/teams/curacao"
"CUW 19","19","Curaçao","Gervane Kastaneer","Jugador","https://scanini.app/es/teams/curacao"
"CUW 20","20","Curaçao","Sontje Hansen","Jugador","https://scanini.app/es/teams/curacao"
"CZE 1","1","Czechia","Escudo de Czechia","Escudo","https://scanini.app/es/teams/czechia"
"CZE 2","2","Czechia","Matej Kovar","Jugador","https://scanini.app/es/teams/czechia"
"CZE 3","3","Czechia","Jindrich Stanek","Jugador","https://scanini.app/es/teams/czechia"
"CZE 4","4","Czechia","Ladislav Krejci","Jugador","https://scanini.app/es/teams/czechia"
"CZE 5","5","Czechia","Vladimir Coufal","Jugador","https://scanini.app/es/teams/czechia"
"CZE 6","6","Czechia","Jaroslav Zeleny","Jugador","https://scanini.app/es/teams/czechia"
"CZE 7","7","Czechia","Tomas Holes","Jugador","https://scanini.app/es/teams/czechia"
"CZE 8","8","Czechia","David Zima","Jugador","https://scanini.app/es/teams/czechia"
"CZE 9","9","Czechia","Michal Sadilek","Jugador","https://scanini.app/es/teams/czechia"
"CZE 10","10","Czechia","Lukas Provod","Jugador","https://scanini.app/es/teams/czechia"
"CZE 11","11","Czechia","Lukas Cerv","Jugador","https://scanini.app/es/teams/czechia"
"CZE 12","12","Czechia","Tomas Soucek","Jugador","https://scanini.app/es/teams/czechia"
"CZE 13","13","Czechia","Foto del equipo de Czechia","Equipo","https://scanini.app/es/teams/czechia"
"CZE 14","14","Czechia","Pavel Sulc","Jugador","https://scanini.app/es/teams/czechia"
"CZE 15","15","Czechia","Matej Vydra","Jugador","https://scanini.app/es/teams/czechia"
"CZE 16","16","Czechia","Vasil Kusej","Jugador","https://scanini.app/es/teams/czechia"
"CZE 17","17","Czechia","Tomas Chory","Jugador","https://scanini.app/es/teams/czechia"
"CZE 18","18","Czechia","Vaclav Cerny","Jugador","https://scanini.app/es/teams/czechia"
"CZE 19","19","Czechia","Adam Hlozek","Jugador","https://scanini.app/es/teams/czechia"
"CZE 20","20","Czechia","Patrik Schick","Jugador","https://scanini.app/es/teams/czechia"
"ECU 1","1","Ecuador","Escudo de Ecuador","Escudo","https://scanini.app/es/teams/ecuador"
"ECU 2","2","Ecuador","Hernán Galíndez","Jugador","https://scanini.app/es/teams/ecuador"
"ECU 3","3","Ecuador","Gonzalo Valle","Jugador","https://scanini.app/es/teams/ecuador"
"ECU 4","4","Ecuador","Piero Hincapié","Jugador","https://scanini.app/es/teams/ecuador"
"ECU 5","5","Ecuador","Pervis Estupiñán","Jugador","https://scanini.app/es/teams/ecuador"
"ECU 6","6","Ecuador","Willian Pacho","Jugador","https://scanini.app/es/teams/ecuador"
"ECU 7","7","Ecuador","Ángelo Preciado","Jugador","https://scanini.app/es/teams/ecuador"
"ECU 8","8","Ecuador","Joel Ordóñez","Jugador","https://scanini.app/es/teams/ecuador"
"ECU 9","9","Ecuador","Moises Caicedo","Jugador","https://scanini.app/es/teams/ecuador"
"ECU 10","10","Ecuador","Alan Franco","Jugador","https://scanini.app/es/teams/ecuador"
"ECU 11","11","Ecuador","Kendry Paez","Jugador","https://scanini.app/es/teams/ecuador"
"ECU 12","12","Ecuador","Pedro Vite","Jugador","https://scanini.app/es/teams/ecuador"
"ECU 13","13","Ecuador","Foto del equipo de Ecuador","Equipo","https://scanini.app/es/teams/ecuador"
"ECU 14","14","Ecuador","John Veboah","Jugador","https://scanini.app/es/teams/ecuador"
"ECU 15","15","Ecuador","Leonardo Campana","Jugador","https://scanini.app/es/teams/ecuador"
"ECU 16","16","Ecuador","Gonzalo Plata","Jugador","https://scanini.app/es/teams/ecuador"
"ECU 17","17","Ecuador","Nilson Angulo","Jugador","https://scanini.app/es/teams/ecuador"
"ECU 18","18","Ecuador","Alan Minda","Jugador","https://scanini.app/es/teams/ecuador"
"ECU 19","19","Ecuador","Kevin Rodriguez","Jugador","https://scanini.app/es/teams/ecuador"
"ECU 20","20","Ecuador","Enner Valencia","Jugador","https://scanini.app/es/teams/ecuador"
"EGY 1","1","Egypt","Escudo de Egypt","Escudo","https://scanini.app/es/teams/egypt"
"EGY 2","2","Egypt","Mohamed El Shenawy","Jugador","https://scanini.app/es/teams/egypt"
"EGY 3","3","Egypt","Mohamed Hany","Jugador","https://scanini.app/es/teams/egypt"
"EGY 4","4","Egypt","Mohamed Hamdy","Jugador","https://scanini.app/es/teams/egypt"
"EGY 5","5","Egypt","Yasser Ibrahim","Jugador","https://scanini.app/es/teams/egypt"
"EGY 6","6","Egypt","Khaled Sobhi","Jugador","https://scanini.app/es/teams/egypt"
"EGY 7","7","Egypt","Ramy Rabia","Jugador","https://scanini.app/es/teams/egypt"
"EGY 8","8","Egypt","Hossam Abdelmaguid","Jugador","https://scanini.app/es/teams/egypt"
"EGY 9","9","Egypt","Ahmed Fatouh","Jugador","https://scanini.app/es/teams/egypt"
"EGY 10","10","Egypt","Marwan Attia","Jugador","https://scanini.app/es/teams/egypt"
"EGY 11","11","Egypt","Zizo","Jugador","https://scanini.app/es/teams/egypt"
"EGY 12","12","Egypt","Hamdy Fathy","Jugador","https://scanini.app/es/teams/egypt"
"EGY 13","13","Egypt","Foto del equipo de Egypt","Equipo","https://scanini.app/es/teams/egypt"
"EGY 14","14","Egypt","Mohamed Lasheen","Jugador","https://scanini.app/es/teams/egypt"
"EGY 15","15","Egypt","Emam Ashour","Jugador","https://scanini.app/es/teams/egypt"
"EGY 16","16","Egypt","Osama Faisal","Jugador","https://scanini.app/es/teams/egypt"
"EGY 17","17","Egypt","Mohamed Salah","Jugador","https://scanini.app/es/teams/egypt"
"EGY 18","18","Egypt","Mostafa Mohamed","Jugador","https://scanini.app/es/teams/egypt"
"EGY 19","19","Egypt","Trezeguet","Jugador","https://scanini.app/es/teams/egypt"
"EGY 20","20","Egypt","Omar Marmoush","Jugador","https://scanini.app/es/teams/egypt"
"ENG 1","1","England","Escudo de England","Escudo","https://scanini.app/es/teams/england"
"ENG 2","2","England","Jordan Pickford","Jugador","https://scanini.app/es/teams/england"
"ENG 3","3","England","John Stones","Jugador","https://scanini.app/es/teams/england"
"ENG 4","4","England","Marc Guéhi","Jugador","https://scanini.app/es/teams/england"
"ENG 5","5","England","Ezri Konsa","Jugador","https://scanini.app/es/teams/england"
"ENG 6","6","England","Trent Alexander-Arnold","Jugador","https://scanini.app/es/teams/england"
"ENG 7","7","England","Reece James","Jugador","https://scanini.app/es/teams/england"
"ENG 8","8","England","Dan Burn","Jugador","https://scanini.app/es/teams/england"
"ENG 9","9","England","Jordan Henderson","Jugador","https://scanini.app/es/teams/england"
"ENG 10","10","England","Declan Rice","Jugador","https://scanini.app/es/teams/england"
"ENG 11","11","England","Jude Bellingham","Jugador","https://scanini.app/es/teams/england"
"ENG 12","12","England","Cole Palmer","Jugador","https://scanini.app/es/teams/england"
"ENG 13","13","England","Foto del equipo de England","Equipo","https://scanini.app/es/teams/england"
"ENG 14","14","England","Morgan Rogers","Jugador","https://scanini.app/es/teams/england"
"ENG 15","15","England","Anthony Gordon","Jugador","https://scanini.app/es/teams/england"
"ENG 16","16","England","Phil Foden","Jugador","https://scanini.app/es/teams/england"
"ENG 17","17","England","Bukayo Saka","Jugador","https://scanini.app/es/teams/england"
"ENG 18","18","England","Harry Kane","Jugador","https://scanini.app/es/teams/england"
"ENG 19","19","England","Marcus Rashford","Jugador","https://scanini.app/es/teams/england"
"ENG 20","20","England","Ollie Watkins","Jugador","https://scanini.app/es/teams/england"
"ESP 1","1","Spain","Escudo de Spain","Escudo","https://scanini.app/es/teams/spain"
"ESP 2","2","Spain","Unai Simon","Jugador","https://scanini.app/es/teams/spain"
"ESP 3","3","Spain","Robin Le Normand","Jugador","https://scanini.app/es/teams/spain"
"ESP 4","4","Spain","Aymeric Laporte","Jugador","https://scanini.app/es/teams/spain"
"ESP 5","5","Spain","Dean Huijsen","Jugador","https://scanini.app/es/teams/spain"
"ESP 6","6","Spain","Pedro Porro","Jugador","https://scanini.app/es/teams/spain"
"ESP 7","7","Spain","Dani Carvajal","Jugador","https://scanini.app/es/teams/spain"
"ESP 8","8","Spain","Marc Cucurella","Jugador","https://scanini.app/es/teams/spain"
"ESP 9","9","Spain","Martín Zubimendi","Jugador","https://scanini.app/es/teams/spain"
"ESP 10","10","Spain","Rodri","Jugador","https://scanini.app/es/teams/spain"
"ESP 11","11","Spain","Pedri","Jugador","https://scanini.app/es/teams/spain"
"ESP 12","12","Spain","Fabian Ruiz","Jugador","https://scanini.app/es/teams/spain"
"ESP 13","13","Spain","Foto del equipo de Spain","Equipo","https://scanini.app/es/teams/spain"
"ESP 14","14","Spain","Mikel Merino","Jugador","https://scanini.app/es/teams/spain"
"ESP 15","15","Spain","Lamine Yamal","Jugador","https://scanini.app/es/teams/spain"
"ESP 16","16","Spain","Dani Olmo","Jugador","https://scanini.app/es/teams/spain"
"ESP 17","17","Spain","Nico Williams","Jugador","https://scanini.app/es/teams/spain"
"ESP 18","18","Spain","Ferran Torres","Jugador","https://scanini.app/es/teams/spain"
"ESP 19","19","Spain","Álvaro Morata","Jugador","https://scanini.app/es/teams/spain"
"ESP 20","20","Spain","Mikel Oyarzabal","Jugador","https://scanini.app/es/teams/spain"
"FRA 1","1","France","Escudo de France","Escudo","https://scanini.app/es/teams/france"
"FRA 2","2","France","Mike Maignan","Jugador","https://scanini.app/es/teams/france"
"FRA 3","3","France","Theo Hernandez","Jugador","https://scanini.app/es/teams/france"
"FRA 4","4","France","William Saliba","Jugador","https://scanini.app/es/teams/france"
"FRA 5","5","France","Jules Kounde","Jugador","https://scanini.app/es/teams/france"
"FRA 6","6","France","Ibrahima Konate","Jugador","https://scanini.app/es/teams/france"
"FRA 7","7","France","Dayot Upamecano","Jugador","https://scanini.app/es/teams/france"
"FRA 8","8","France","Lucas Digne","Jugador","https://scanini.app/es/teams/france"
"FRA 9","9","France","Aurélien Tchouaméni","Jugador","https://scanini.app/es/teams/france"
"FRA 10","10","France","Eduardo Camavinga","Jugador","https://scanini.app/es/teams/france"
"FRA 11","11","France","Manu Kone","Jugador","https://scanini.app/es/teams/france"
"FRA 12","12","France","Adrien Rabiot","Jugador","https://scanini.app/es/teams/france"
"FRA 13","13","France","Foto del equipo de France","Equipo","https://scanini.app/es/teams/france"
"FRA 14","14","France","Michael Olise","Jugador","https://scanini.app/es/teams/france"
"FRA 15","15","France","Ousmane Dembele","Jugador","https://scanini.app/es/teams/france"
"FRA 16","16","France","Bradley Barcola","Jugador","https://scanini.app/es/teams/france"
"FRA 17","17","France","Désiré Doué","Jugador","https://scanini.app/es/teams/france"
"FRA 18","18","France","Kingsley Coman","Jugador","https://scanini.app/es/teams/france"
"FRA 19","19","France","Hugo Ekitike","Jugador","https://scanini.app/es/teams/france"
"FRA 20","20","France","Kylian Mbappe","Jugador","https://scanini.app/es/teams/france"
"GER 1","1","Germany","Escudo de Germany","Escudo","https://scanini.app/es/teams/germany"
"GER 2","2","Germany","Marc-André ter Stegen","Jugador","https://scanini.app/es/teams/germany"
"GER 3","3","Germany","Jonathan Tah","Jugador","https://scanini.app/es/teams/germany"
"GER 4","4","Germany","David Raum","Jugador","https://scanini.app/es/teams/germany"
"GER 5","5","Germany","Nico Schlotterbeck","Jugador","https://scanini.app/es/teams/germany"
"GER 6","6","Germany","Antonio Rüdiger","Jugador","https://scanini.app/es/teams/germany"
"GER 7","7","Germany","Waldemar Anton","Jugador","https://scanini.app/es/teams/germany"
"GER 8","8","Germany","Ridle Baku","Jugador","https://scanini.app/es/teams/germany"
"GER 9","9","Germany","Maximilian Mittelstadt","Jugador","https://scanini.app/es/teams/germany"
"GER 10","10","Germany","Joshua Kimmich","Jugador","https://scanini.app/es/teams/germany"
"GER 11","11","Germany","Florian Wirtz","Jugador","https://scanini.app/es/teams/germany"
"GER 12","12","Germany","Felix Nmecha","Jugador","https://scanini.app/es/teams/germany"
"GER 13","13","Germany","Foto del equipo de Germany","Equipo","https://scanini.app/es/teams/germany"
"GER 14","14","Germany","Leon Goretzka","Jugador","https://scanini.app/es/teams/germany"
"GER 15","15","Germany","Jamal Musiala","Jugador","https://scanini.app/es/teams/germany"
"GER 16","16","Germany","Serge Gnabry","Jugador","https://scanini.app/es/teams/germany"
"GER 17","17","Germany","Kai Havertz","Jugador","https://scanini.app/es/teams/germany"
"GER 18","18","Germany","Leroy Sane","Jugador","https://scanini.app/es/teams/germany"
"GER 19","19","Germany","Karim Adeyemi","Jugador","https://scanini.app/es/teams/germany"
"GER 20","20","Germany","Nick Woltemade","Jugador","https://scanini.app/es/teams/germany"
"GHA 1","1","Ghana","Escudo de Ghana","Escudo","https://scanini.app/es/teams/ghana"
"GHA 2","2","Ghana","Lawrence Ati Zigi","Jugador","https://scanini.app/es/teams/ghana"
"GHA 3","3","Ghana","Tariq Lamptey","Jugador","https://scanini.app/es/teams/ghana"
"GHA 4","4","Ghana","Mohammed Salisu","Jugador","https://scanini.app/es/teams/ghana"
"GHA 5","5","Ghana","Alidu Seidu","Jugador","https://scanini.app/es/teams/ghana"
"GHA 6","6","Ghana","Alexander Djiku","Jugador","https://scanini.app/es/teams/ghana"
"GHA 7","7","Ghana","Gideon Mensah","Jugador","https://scanini.app/es/teams/ghana"
"GHA 8","8","Ghana","Caleb Yirenkyi","Jugador","https://scanini.app/es/teams/ghana"
"GHA 9","9","Ghana","Abdul Issahaku Fatawu","Jugador","https://scanini.app/es/teams/ghana"
"GHA 10","10","Ghana","Thomas Partey","Jugador","https://scanini.app/es/teams/ghana"
"GHA 11","11","Ghana","Salis Abdul Samed","Jugador","https://scanini.app/es/teams/ghana"
"GHA 12","12","Ghana","Kamaldeen Sulemana","Jugador","https://scanini.app/es/teams/ghana"
"GHA 13","13","Ghana","Foto del equipo de Ghana","Equipo","https://scanini.app/es/teams/ghana"
"GHA 14","14","Ghana","Mohammed Kudus","Jugador","https://scanini.app/es/teams/ghana"
"GHA 15","15","Ghana","Inaki Williams","Jugador","https://scanini.app/es/teams/ghana"
"GHA 16","16","Ghana","Jordan Ayew","Jugador","https://scanini.app/es/teams/ghana"
"GHA 17","17","Ghana","Andrew Ayew","Jugador","https://scanini.app/es/teams/ghana"
"GHA 18","18","Ghana","Joseph Paintsil","Jugador","https://scanini.app/es/teams/ghana"
"GHA 19","19","Ghana","Osman Bukari","Jugador","https://scanini.app/es/teams/ghana"
"GHA 20","20","Ghana","Antoine Semenyo","Jugador","https://scanini.app/es/teams/ghana"
"HAI 1","1","Haiti","Escudo de Haiti","Escudo","https://scanini.app/es/teams/haiti"
"HAI 2","2","Haiti","Johny Placide","Jugador","https://scanini.app/es/teams/haiti"
"HAI 3","3","Haiti","Carlens Arcus","Jugador","https://scanini.app/es/teams/haiti"
"HAI 4","4","Haiti","Martin Expérience","Jugador","https://scanini.app/es/teams/haiti"
"HAI 5","5","Haiti","Jean-Kevin Duverne","Jugador","https://scanini.app/es/teams/haiti"
"HAI 6","6","Haiti","Ricardo Adé","Jugador","https://scanini.app/es/teams/haiti"
"HAI 7","7","Haiti","Duke Lacroix","Jugador","https://scanini.app/es/teams/haiti"
"HAI 8","8","Haiti","Garven Metusala","Jugador","https://scanini.app/es/teams/haiti"
"HAI 9","9","Haiti","Hannes Delcroix","Jugador","https://scanini.app/es/teams/haiti"
"HAI 10","10","Haiti","Leverton Pierre","Jugador","https://scanini.app/es/teams/haiti"
"HAI 11","11","Haiti","Danley Jean Jacques","Jugador","https://scanini.app/es/teams/haiti"
"HAI 12","12","Haiti","Jean-Ricner Bellegarde","Jugador","https://scanini.app/es/teams/haiti"
"HAI 13","13","Haiti","Foto del equipo de Haiti","Equipo","https://scanini.app/es/teams/haiti"
"HAI 14","14","Haiti","Christopher Attys","Jugador","https://scanini.app/es/teams/haiti"
"HAI 15","15","Haiti","Derrick Etienne Jr","Jugador","https://scanini.app/es/teams/haiti"
"HAI 16","16","Haiti","Josue Casimir","Jugador","https://scanini.app/es/teams/haiti"
"HAI 17","17","Haiti","Ruben Providence","Jugador","https://scanini.app/es/teams/haiti"
"HAI 18","18","Haiti","Duckens Nazon","Jugador","https://scanini.app/es/teams/haiti"
"HAI 19","19","Haiti","Louicius Deedson","Jugador","https://scanini.app/es/teams/haiti"
"HAI 20","20","Haiti","Frantzdy Pierrot","Jugador","https://scanini.app/es/teams/haiti"
"IRN 1","1","Iran","Escudo de Iran","Escudo","https://scanini.app/es/teams/iran"
"IRN 2","2","Iran","Alireza Beiranvand","Jugador","https://scanini.app/es/teams/iran"
"IRN 3","3","Iran","Morteza Pouraliganji","Jugador","https://scanini.app/es/teams/iran"
"IRN 4","4","Iran","Ehsan Hajsafi","Jugador","https://scanini.app/es/teams/iran"
"IRN 5","5","Iran","Milad Mohammadi","Jugador","https://scanini.app/es/teams/iran"
"IRN 6","6","Iran","Shojae Khalilzadeh","Jugador","https://scanini.app/es/teams/iran"
"IRN 7","7","Iran","Ramin Rezaeian","Jugador","https://scanini.app/es/teams/iran"
"IRN 8","8","Iran","Hossein Kanaani","Jugador","https://scanini.app/es/teams/iran"
"IRN 9","9","Iran","Sadegh Moharrami","Jugador","https://scanini.app/es/teams/iran"
"IRN 10","10","Iran","Saleh Hardani","Jugador","https://scanini.app/es/teams/iran"
"IRN 11","11","Iran","Saeed Ezatolahi","Jugador","https://scanini.app/es/teams/iran"
"IRN 12","12","Iran","Saman Ghoddos","Jugador","https://scanini.app/es/teams/iran"
"IRN 13","13","Iran","Foto del equipo de Iran","Equipo","https://scanini.app/es/teams/iran"
"IRN 14","14","Iran","Omid Noorafkan","Jugador","https://scanini.app/es/teams/iran"
"IRN 15","15","Iran","Roozbeh Cheshmi","Jugador","https://scanini.app/es/teams/iran"
"IRN 16","16","Iran","Mohammad Mohebi","Jugador","https://scanini.app/es/teams/iran"
"IRN 17","17","Iran","Sardar Azmoun","Jugador","https://scanini.app/es/teams/iran"
"IRN 18","18","Iran","Mehdi Taremi","Jugador","https://scanini.app/es/teams/iran"
"IRN 19","19","Iran","Alireza Jahanbakhsh","Jugador","https://scanini.app/es/teams/iran"
"IRN 20","20","Iran","Ali Gholizadeh","Jugador","https://scanini.app/es/teams/iran"
"IRQ 1","1","Iraq","Escudo de Iraq","Escudo","https://scanini.app/es/teams/iraq"
"IRQ 2","2","Iraq","Jalal Hassan","Jugador","https://scanini.app/es/teams/iraq"
"IRQ 3","3","Iraq","Rebin Sulaka","Jugador","https://scanini.app/es/teams/iraq"
"IRQ 4","4","Iraq","Hussein Ali","Jugador","https://scanini.app/es/teams/iraq"
"IRQ 5","5","Iraq","Akam Hashem","Jugador","https://scanini.app/es/teams/iraq"
"IRQ 6","6","Iraq","Merchas Doski","Jugador","https://scanini.app/es/teams/iraq"
"IRQ 7","7","Iraq","Zaid Tahseen","Jugador","https://scanini.app/es/teams/iraq"
"IRQ 8","8","Iraq","Manaf Younis","Jugador","https://scanini.app/es/teams/iraq"
"IRQ 9","9","Iraq","Zidane Iqbal","Jugador","https://scanini.app/es/teams/iraq"
"IRQ 10","10","Iraq","Amir Al-Ammari","Jugador","https://scanini.app/es/teams/iraq"
"IRQ 11","11","Iraq","Ibrahim Bavesh","Jugador","https://scanini.app/es/teams/iraq"
"IRQ 12","12","Iraq","Ali Jasim","Jugador","https://scanini.app/es/teams/iraq"
"IRQ 13","13","Iraq","Foto del equipo de Iraq","Equipo","https://scanini.app/es/teams/iraq"
"IRQ 14","14","Iraq","Youssef Amyn","Jugador","https://scanini.app/es/teams/iraq"
"IRQ 15","15","Iraq","Aimar Sher","Jugador","https://scanini.app/es/teams/iraq"
"IRQ 16","16","Iraq","Marko Farji","Jugador","https://scanini.app/es/teams/iraq"
"IRQ 17","17","Iraq","Osama Rashid","Jugador","https://scanini.app/es/teams/iraq"
"IRQ 18","18","Iraq","Ali Al-Hamadi","Jugador","https://scanini.app/es/teams/iraq"
"IRQ 19","19","Iraq","Aymen Hussein","Jugador","https://scanini.app/es/teams/iraq"
"IRQ 20","20","Iraq","Mohanad Ali","Jugador","https://scanini.app/es/teams/iraq"
"JOR 1","1","Jordan","Escudo de Jordan","Escudo","https://scanini.app/es/teams/jordan"
"JOR 2","2","Jordan","Yazeed Abulaila","Jugador","https://scanini.app/es/teams/jordan"
"JOR 3","3","Jordan","Ihsan Haddad","Jugador","https://scanini.app/es/teams/jordan"
"JOR 4","4","Jordan","Mohammad Abu Hashish","Jugador","https://scanini.app/es/teams/jordan"
"JOR 5","5","Jordan","Yazan Al-Arab","Jugador","https://scanini.app/es/teams/jordan"
"JOR 6","6","Jordan","Abdallah Nasib","Jugador","https://scanini.app/es/teams/jordan"
"JOR 7","7","Jordan","Saleem Obaid","Jugador","https://scanini.app/es/teams/jordan"
"JOR 8","8","Jordan","Mohammad Abualnadi","Jugador","https://scanini.app/es/teams/jordan"
"JOR 9","9","Jordan","Ibrahim Saadeh","Jugador","https://scanini.app/es/teams/jordan"
"JOR 10","10","Jordan","Nizar Al-Rashdan","Jugador","https://scanini.app/es/teams/jordan"
"JOR 11","11","Jordan","Noor Al-Rawabdeh","Jugador","https://scanini.app/es/teams/jordan"
"JOR 12","12","Jordan","Mohannad Abu Taha","Jugador","https://scanini.app/es/teams/jordan"
"JOR 13","13","Jordan","Foto del equipo de Jordan","Equipo","https://scanini.app/es/teams/jordan"
"JOR 14","14","Jordan","Amer Jamous","Jugador","https://scanini.app/es/teams/jordan"
"JOR 15","15","Jordan","Musa Al-Taamari","Jugador","https://scanini.app/es/teams/jordan"
"JOR 16","16","Jordan","Yazan Al-Naimat","Jugador","https://scanini.app/es/teams/jordan"
"JOR 17","17","Jordan","Mahmoud Al-Mardi","Jugador","https://scanini.app/es/teams/jordan"
"JOR 18","18","Jordan","Ali Olwan","Jugador","https://scanini.app/es/teams/jordan"
"JOR 19","19","Jordan","Mohammad Abu Zrayq","Jugador","https://scanini.app/es/teams/jordan"
"JOR 20","20","Jordan","Ibrahim Sabra","Jugador","https://scanini.app/es/teams/jordan"
"JPN 1","1","Japan","Escudo de Japan","Escudo","https://scanini.app/es/teams/japan"
"JPN 2","2","Japan","Zion Suzuki","Jugador","https://scanini.app/es/teams/japan"
"JPN 3","3","Japan","Henry Heroki Mochizuki","Jugador","https://scanini.app/es/teams/japan"
"JPN 4","4","Japan","Ayumu Seko","Jugador","https://scanini.app/es/teams/japan"
"JPN 5","5","Japan","Junnosuke Suzuki","Jugador","https://scanini.app/es/teams/japan"
"JPN 6","6","Japan","Shogo Taniguchi","Jugador","https://scanini.app/es/teams/japan"
"JPN 7","7","Japan","Tsuyoshi Watanabe","Jugador","https://scanini.app/es/teams/japan"
"JPN 8","8","Japan","Kaishu Sano","Jugador","https://scanini.app/es/teams/japan"
"JPN 9","9","Japan","Yuki Soma","Jugador","https://scanini.app/es/teams/japan"
"JPN 10","10","Japan","Ao Tanaka","Jugador","https://scanini.app/es/teams/japan"
"JPN 11","11","Japan","Daichi Kamada","Jugador","https://scanini.app/es/teams/japan"
"JPN 12","12","Japan","Takefusa Kubo","Jugador","https://scanini.app/es/teams/japan"
"JPN 13","13","Japan","Foto del equipo de Japan","Equipo","https://scanini.app/es/teams/japan"
"JPN 14","14","Japan","Ritsu Doan","Jugador","https://scanini.app/es/teams/japan"
"JPN 15","15","Japan","Keito Nakamura","Jugador","https://scanini.app/es/teams/japan"
"JPN 16","16","Japan","Takumi Minamino","Jugador","https://scanini.app/es/teams/japan"
"JPN 17","17","Japan","Shuto Machino","Jugador","https://scanini.app/es/teams/japan"
"JPN 18","18","Japan","Junya Ito","Jugador","https://scanini.app/es/teams/japan"
"JPN 19","19","Japan","Koki Ogawa","Jugador","https://scanini.app/es/teams/japan"
"JPN 20","20","Japan","Ayase Ueda","Jugador","https://scanini.app/es/teams/japan"
"KOR 1","1","South Korea","Escudo de South Korea","Escudo","https://scanini.app/es/teams/south-korea"
"KOR 2","2","South Korea","Hyeon-woo Jo","Jugador","https://scanini.app/es/teams/south-korea"
"KOR 3","3","South Korea","Seung-Gyu Kim","Jugador","https://scanini.app/es/teams/south-korea"
"KOR 4","4","South Korea","Min-jae Kim","Jugador","https://scanini.app/es/teams/south-korea"
"KOR 5","5","South Korea","Yu-min Cho","Jugador","https://scanini.app/es/teams/south-korea"
"KOR 6","6","South Korea","Young-woo Seol","Jugador","https://scanini.app/es/teams/south-korea"
"KOR 7","7","South Korea","Han-beom Lee","Jugador","https://scanini.app/es/teams/south-korea"
"KOR 8","8","South Korea","Tae-seok Lee","Jugador","https://scanini.app/es/teams/south-korea"
"KOR 9","9","South Korea","Myung-jae Lee","Jugador","https://scanini.app/es/teams/south-korea"
"KOR 10","10","South Korea","Jae-sung Lee","Jugador","https://scanini.app/es/teams/south-korea"
"KOR 11","11","South Korea","In-beom Hwang","Jugador","https://scanini.app/es/teams/south-korea"
"KOR 12","12","South Korea","Kang-in Lee","Jugador","https://scanini.app/es/teams/south-korea"
"KOR 13","13","South Korea","Foto del equipo de South Korea","Equipo","https://scanini.app/es/teams/south-korea"
"KOR 14","14","South Korea","Seung-ho Paik","Jugador","https://scanini.app/es/teams/south-korea"
"KOR 15","15","South Korea","Jens Castrop","Jugador","https://scanini.app/es/teams/south-korea"
"KOR 16","16","South Korea","Dongg-yeong Lee","Jugador","https://scanini.app/es/teams/south-korea"
"KOR 17","17","South Korea","Gue-sung Cho","Jugador","https://scanini.app/es/teams/south-korea"
"KOR 18","18","South Korea","Heung-min Son","Jugador","https://scanini.app/es/teams/south-korea"
"KOR 19","19","South Korea","Hee-chan Hwang","Jugador","https://scanini.app/es/teams/south-korea"
"KOR 20","20","South Korea","Hyeon-Gyu Oh","Jugador","https://scanini.app/es/teams/south-korea"
"KSA 1","1","Saudi Arabia","Escudo de Saudi Arabia","Escudo","https://scanini.app/es/teams/saudi-arabia"
"KSA 2","2","Saudi Arabia","Nawaf Alaqidi","Jugador","https://scanini.app/es/teams/saudi-arabia"
"KSA 3","3","Saudi Arabia","Abdulrahman Al-Sanbi","Jugador","https://scanini.app/es/teams/saudi-arabia"
"KSA 4","4","Saudi Arabia","Saud Abdulhamid","Jugador","https://scanini.app/es/teams/saudi-arabia"
"KSA 5","5","Saudi Arabia","Nawaf Bouwashl","Jugador","https://scanini.app/es/teams/saudi-arabia"
"KSA 6","6","Saudi Arabia","Jihad Thakri","Jugador","https://scanini.app/es/teams/saudi-arabia"
"KSA 7","7","Saudi Arabia","Moteb Al-Harbi","Jugador","https://scanini.app/es/teams/saudi-arabia"
"KSA 8","8","Saudi Arabia","Hassan Altambakti","Jugador","https://scanini.app/es/teams/saudi-arabia"
"KSA 9","9","Saudi Arabia","Musab Aljuwayr","Jugador","https://scanini.app/es/teams/saudi-arabia"
"KSA 10","10","Saudi Arabia","Ziyad Aljohani","Jugador","https://scanini.app/es/teams/saudi-arabia"
"KSA 11","11","Saudi Arabia","Abdullah Alkhaibari","Jugador","https://scanini.app/es/teams/saudi-arabia"
"KSA 12","12","Saudi Arabia","Nasser Aldawsari","Jugador","https://scanini.app/es/teams/saudi-arabia"
"KSA 13","13","Saudi Arabia","Foto del equipo de Saudi Arabia","Equipo","https://scanini.app/es/teams/saudi-arabia"
"KSA 14","14","Saudi Arabia","Saleh Abu Alshamat","Jugador","https://scanini.app/es/teams/saudi-arabia"
"KSA 15","15","Saudi Arabia","Marwan Alsahafi","Jugador","https://scanini.app/es/teams/saudi-arabia"
"KSA 16","16","Saudi Arabia","Salem Aldawsari","Jugador","https://scanini.app/es/teams/saudi-arabia"
"KSA 17","17","Saudi Arabia","Abdulrahman Al-Aboud","Jugador","https://scanini.app/es/teams/saudi-arabia"
"KSA 18","18","Saudi Arabia","Feras Akbrikan","Jugador","https://scanini.app/es/teams/saudi-arabia"
"KSA 19","19","Saudi Arabia","Saleh Alshehri","Jugador","https://scanini.app/es/teams/saudi-arabia"
"KSA 20","20","Saudi Arabia","Abdullah Al-Hamdan","Jugador","https://scanini.app/es/teams/saudi-arabia"
"MAR 1","1","Morocco","Escudo de Morocco","Escudo","https://scanini.app/es/teams/morocco"
"MAR 2","2","Morocco","Yassine Bounou","Jugador","https://scanini.app/es/teams/morocco"
"MAR 3","3","Morocco","Munir El Kajoui","Jugador","https://scanini.app/es/teams/morocco"
"MAR 4","4","Morocco","Achraf Hakimi","Jugador","https://scanini.app/es/teams/morocco"
"MAR 5","5","Morocco","Noussair Mazraoui","Jugador","https://scanini.app/es/teams/morocco"
"MAR 6","6","Morocco","Nayef Aguerd","Jugador","https://scanini.app/es/teams/morocco"
"MAR 7","7","Morocco","Roman Saiss","Jugador","https://scanini.app/es/teams/morocco"
"MAR 8","8","Morocco","Jawad El Yamio","Jugador","https://scanini.app/es/teams/morocco"
"MAR 9","9","Morocco","Adam Masina","Jugador","https://scanini.app/es/teams/morocco"
"MAR 10","10","Morocco","Sofyan Amrabat","Jugador","https://scanini.app/es/teams/morocco"
"MAR 11","11","Morocco","Azzedine Ounahi","Jugador","https://scanini.app/es/teams/morocco"
"MAR 12","12","Morocco","Eliesse Ben Seghir","Jugador","https://scanini.app/es/teams/morocco"
"MAR 13","13","Morocco","Foto del equipo de Morocco","Equipo","https://scanini.app/es/teams/morocco"
"MAR 14","14","Morocco","Bilal El Khannouss","Jugador","https://scanini.app/es/teams/morocco"
"MAR 15","15","Morocco","Ismael Saibari","Jugador","https://scanini.app/es/teams/morocco"
"MAR 16","16","Morocco","Youssef En-Nesyri","Jugador","https://scanini.app/es/teams/morocco"
"MAR 17","17","Morocco","Abde Ezzalzouli","Jugador","https://scanini.app/es/teams/morocco"
"MAR 18","18","Morocco","Soufiane Rahimi","Jugador","https://scanini.app/es/teams/morocco"
"MAR 19","19","Morocco","Brahim Diaz","Jugador","https://scanini.app/es/teams/morocco"
"MAR 20","20","Morocco","Ayoub El Kaabi","Jugador","https://scanini.app/es/teams/morocco"
"MEX 1","1","Mexico","Escudo de Mexico","Escudo","https://scanini.app/es/teams/mexico"
"MEX 2","2","Mexico","Luis Malagón","Jugador","https://scanini.app/es/teams/mexico"
"MEX 3","3","Mexico","Johan Vasquez","Jugador","https://scanini.app/es/teams/mexico"
"MEX 4","4","Mexico","Jorge Sánchez","Jugador","https://scanini.app/es/teams/mexico"
"MEX 5","5","Mexico","Cesar Montes","Jugador","https://scanini.app/es/teams/mexico"
"MEX 6","6","Mexico","Jesus Gallardo","Jugador","https://scanini.app/es/teams/mexico"
"MEX 7","7","Mexico","Israel Reyes","Jugador","https://scanini.app/es/teams/mexico"
"MEX 8","8","Mexico","Diego Lainez","Jugador","https://scanini.app/es/teams/mexico"
"MEX 9","9","Mexico","Carlos Rodriguez","Jugador","https://scanini.app/es/teams/mexico"
"MEX 10","10","Mexico","Edson Alvarez","Jugador","https://scanini.app/es/teams/mexico"
"MEX 11","11","Mexico","Orbelin Pineda","Jugador","https://scanini.app/es/teams/mexico"
"MEX 12","12","Mexico","Marcel Ruiz","Jugador","https://scanini.app/es/teams/mexico"
"MEX 13","13","Mexico","Foto del equipo de Mexico","Equipo","https://scanini.app/es/teams/mexico"
"MEX 14","14","Mexico","Érick Sánchez","Jugador","https://scanini.app/es/teams/mexico"
"MEX 15","15","Mexico","Hirving Lozano","Jugador","https://scanini.app/es/teams/mexico"
"MEX 16","16","Mexico","Santiago Giménez","Jugador","https://scanini.app/es/teams/mexico"
"MEX 17","17","Mexico","Raúl Jiménez","Jugador","https://scanini.app/es/teams/mexico"
"MEX 18","18","Mexico","Alexis Vega","Jugador","https://scanini.app/es/teams/mexico"
"MEX 19","19","Mexico","Roberto Alvarado","Jugador","https://scanini.app/es/teams/mexico"
"MEX 20","20","Mexico","Cesar Huerta","Jugador","https://scanini.app/es/teams/mexico"
"NED 1","1","Netherlands","Escudo de Netherlands","Escudo","https://scanini.app/es/teams/netherlands"
"NED 2","2","Netherlands","Bart Verbruggen","Jugador","https://scanini.app/es/teams/netherlands"
"NED 3","3","Netherlands","Virgil van Dijk","Jugador","https://scanini.app/es/teams/netherlands"
"NED 4","4","Netherlands","Micky van de Ven","Jugador","https://scanini.app/es/teams/netherlands"
"NED 5","5","Netherlands","Jurrien Timber","Jugador","https://scanini.app/es/teams/netherlands"
"NED 6","6","Netherlands","Denzel Dumfries","Jugador","https://scanini.app/es/teams/netherlands"
"NED 7","7","Netherlands","Nathan Aké","Jugador","https://scanini.app/es/teams/netherlands"
"NED 8","8","Netherlands","Jeremie Frimpong","Jugador","https://scanini.app/es/teams/netherlands"
"NED 9","9","Netherlands","Jan Paul van Hecke","Jugador","https://scanini.app/es/teams/netherlands"
"NED 10","10","Netherlands","Tijjani Reijnders","Jugador","https://scanini.app/es/teams/netherlands"
"NED 11","11","Netherlands","Ryan Gravenberch","Jugador","https://scanini.app/es/teams/netherlands"
"NED 12","12","Netherlands","Teun Koopmeiners","Jugador","https://scanini.app/es/teams/netherlands"
"NED 13","13","Netherlands","Foto del equipo de Netherlands","Equipo","https://scanini.app/es/teams/netherlands"
"NED 14","14","Netherlands","Frenkie de Jong","Jugador","https://scanini.app/es/teams/netherlands"
"NED 15","15","Netherlands","Xavi Simons","Jugador","https://scanini.app/es/teams/netherlands"
"NED 16","16","Netherlands","Justin Kluivert","Jugador","https://scanini.app/es/teams/netherlands"
"NED 17","17","Netherlands","Memphis Depay","Jugador","https://scanini.app/es/teams/netherlands"
"NED 18","18","Netherlands","Donyell Malen","Jugador","https://scanini.app/es/teams/netherlands"
"NED 19","19","Netherlands","Wout Weghorst","Jugador","https://scanini.app/es/teams/netherlands"
"NED 20","20","Netherlands","Cody Gakpo","Jugador","https://scanini.app/es/teams/netherlands"
"NOR 1","1","Norway","Escudo de Norway","Escudo","https://scanini.app/es/teams/norway"
"NOR 2","2","Norway","Orjan Nyland","Jugador","https://scanini.app/es/teams/norway"
"NOR 3","3","Norway","Julian Ryerson","Jugador","https://scanini.app/es/teams/norway"
"NOR 4","4","Norway","Leo Ostigård","Jugador","https://scanini.app/es/teams/norway"
"NOR 5","5","Norway","Kristoffer Vassbakk Ajer","Jugador","https://scanini.app/es/teams/norway"
"NOR 6","6","Norway","Marcus Holmgren Pedersen","Jugador","https://scanini.app/es/teams/norway"
"NOR 7","7","Norway","David Møller Wolfe","Jugador","https://scanini.app/es/teams/norway"
"NOR 8","8","Norway","Torbjørn Heggem","Jugador","https://scanini.app/es/teams/norway"
"NOR 9","9","Norway","Morten Thorsby","Jugador","https://scanini.app/es/teams/norway"
"NOR 10","10","Norway","Martin Ødegaard","Jugador","https://scanini.app/es/teams/norway"
"NOR 11","11","Norway","Sander Berge","Jugador","https://scanini.app/es/teams/norway"
"NOR 12","12","Norway","Andreas Schjelderup","Jugador","https://scanini.app/es/teams/norway"
"NOR 13","13","Norway","Foto del equipo de Norway","Equipo","https://scanini.app/es/teams/norway"
"NOR 14","14","Norway","Patrick Berg","Jugador","https://scanini.app/es/teams/norway"
"NOR 15","15","Norway","Erling Haaland","Jugador","https://scanini.app/es/teams/norway"
"NOR 16","16","Norway","Alexander Sørloth","Jugador","https://scanini.app/es/teams/norway"
"NOR 17","17","Norway","Aron Dønnum","Jugador","https://scanini.app/es/teams/norway"
"NOR 18","18","Norway","Jorgen Strand Larsen","Jugador","https://scanini.app/es/teams/norway"
"NOR 19","19","Norway","Antonio Nusa","Jugador","https://scanini.app/es/teams/norway"
"NOR 20","20","Norway","Oscar Bobb","Jugador","https://scanini.app/es/teams/norway"
"NZL 1","1","New Zealand","Escudo de New Zealand","Escudo","https://scanini.app/es/teams/new-zealand"
"NZL 2","2","New Zealand","Max Crocombe Payne","Jugador","https://scanini.app/es/teams/new-zealand"
"NZL 3","3","New Zealand","Alex Paulsen","Jugador","https://scanini.app/es/teams/new-zealand"
"NZL 4","4","New Zealand","Michael Boxall","Jugador","https://scanini.app/es/teams/new-zealand"
"NZL 5","5","New Zealand","Liberato Cacace","Jugador","https://scanini.app/es/teams/new-zealand"
"NZL 6","6","New Zealand","Tim Payne","Jugador","https://scanini.app/es/teams/new-zealand"
"NZL 7","7","New Zealand","Tyler Bindon","Jugador","https://scanini.app/es/teams/new-zealand"
"NZL 8","8","New Zealand","Francis de Vries","Jugador","https://scanini.app/es/teams/new-zealand"
"NZL 9","9","New Zealand","Finn Surman","Jugador","https://scanini.app/es/teams/new-zealand"
"NZL 10","10","New Zealand","Joe Bell","Jugador","https://scanini.app/es/teams/new-zealand"
"NZL 11","11","New Zealand","Sarpreet Singh","Jugador","https://scanini.app/es/teams/new-zealand"
"NZL 12","12","New Zealand","Ryan Thomas","Jugador","https://scanini.app/es/teams/new-zealand"
"NZL 13","13","New Zealand","Foto del equipo de New Zealand","Equipo","https://scanini.app/es/teams/new-zealand"
"NZL 14","14","New Zealand","Matthew Garbett","Jugador","https://scanini.app/es/teams/new-zealand"
"NZL 15","15","New Zealand","Marko Stamenić","Jugador","https://scanini.app/es/teams/new-zealand"
"NZL 16","16","New Zealand","Ben Old","Jugador","https://scanini.app/es/teams/new-zealand"
"NZL 17","17","New Zealand","Chris Wood","Jugador","https://scanini.app/es/teams/new-zealand"
"NZL 18","18","New Zealand","Elijah Just","Jugador","https://scanini.app/es/teams/new-zealand"
"NZL 19","19","New Zealand","Callum McCowatt","Jugador","https://scanini.app/es/teams/new-zealand"
"NZL 20","20","New Zealand","Kosta Barbarouses","Jugador","https://scanini.app/es/teams/new-zealand"
"PAN 1","1","Panama","Escudo de Panama","Escudo","https://scanini.app/es/teams/panama"
"PAN 2","2","Panama","Orlando Mosquera","Jugador","https://scanini.app/es/teams/panama"
"PAN 3","3","Panama","Luis Mejia","Jugador","https://scanini.app/es/teams/panama"
"PAN 4","4","Panama","Fidel Escobar","Jugador","https://scanini.app/es/teams/panama"
"PAN 5","5","Panama","Andres Andrade","Jugador","https://scanini.app/es/teams/panama"
"PAN 6","6","Panama","Michael Amir Murillo","Jugador","https://scanini.app/es/teams/panama"
"PAN 7","7","Panama","Eric Davis","Jugador","https://scanini.app/es/teams/panama"
"PAN 8","8","Panama","Jose Cordoba","Jugador","https://scanini.app/es/teams/panama"
"PAN 9","9","Panama","Cesar Blackman","Jugador","https://scanini.app/es/teams/panama"
"PAN 10","10","Panama","Cristian Martinez","Jugador","https://scanini.app/es/teams/panama"
"PAN 11","11","Panama","Aníbal Godoy","Jugador","https://scanini.app/es/teams/panama"
"PAN 12","12","Panama","Adalberto Carrasquilla","Jugador","https://scanini.app/es/teams/panama"
"PAN 13","13","Panama","Foto del equipo de Panama","Equipo","https://scanini.app/es/teams/panama"
"PAN 14","14","Panama","Édgar Bárcenas","Jugador","https://scanini.app/es/teams/panama"
"PAN 15","15","Panama","Carlos Harvey","Jugador","https://scanini.app/es/teams/panama"
"PAN 16","16","Panama","Ismael Díaz","Jugador","https://scanini.app/es/teams/panama"
"PAN 17","17","Panama","Jose Fajardo","Jugador","https://scanini.app/es/teams/panama"
"PAN 18","18","Panama","Cecilio Waterman","Jugador","https://scanini.app/es/teams/panama"
"PAN 19","19","Panama","Jose Luiz Rodriguez","Jugador","https://scanini.app/es/teams/panama"
"PAN 20","20","Panama","Alberto Quintero","Jugador","https://scanini.app/es/teams/panama"
"PAR 1","1","Paraguay","Escudo de Paraguay","Escudo","https://scanini.app/es/teams/paraguay"
"PAR 2","2","Paraguay","Roberto Fernandez","Jugador","https://scanini.app/es/teams/paraguay"
"PAR 3","3","Paraguay","Orlando Gill","Jugador","https://scanini.app/es/teams/paraguay"
"PAR 4","4","Paraguay","Gustavo Gomez","Jugador","https://scanini.app/es/teams/paraguay"
"PAR 5","5","Paraguay","Fabián Balbuena","Jugador","https://scanini.app/es/teams/paraguay"
"PAR 6","6","Paraguay","Juan José Cáceres","Jugador","https://scanini.app/es/teams/paraguay"
"PAR 7","7","Paraguay","Omar Alderete","Jugador","https://scanini.app/es/teams/paraguay"
"PAR 8","8","Paraguay","Junior Alonso","Jugador","https://scanini.app/es/teams/paraguay"
"PAR 9","9","Paraguay","Mathías Villasanti","Jugador","https://scanini.app/es/teams/paraguay"
"PAR 10","10","Paraguay","Diego Gomez","Jugador","https://scanini.app/es/teams/paraguay"
"PAR 11","11","Paraguay","Damián Bobadilla","Jugador","https://scanini.app/es/teams/paraguay"
"PAR 12","12","Paraguay","Andres Cubas","Jugador","https://scanini.app/es/teams/paraguay"
"PAR 13","13","Paraguay","Foto del equipo de Paraguay","Equipo","https://scanini.app/es/teams/paraguay"
"PAR 14","14","Paraguay","Matias Galarza Fonda","Jugador","https://scanini.app/es/teams/paraguay"
"PAR 15","15","Paraguay","Julio Enciso","Jugador","https://scanini.app/es/teams/paraguay"
"PAR 16","16","Paraguay","Alejandro Romero Gamarra","Jugador","https://scanini.app/es/teams/paraguay"
"PAR 17","17","Paraguay","Miguel Almirón","Jugador","https://scanini.app/es/teams/paraguay"
"PAR 18","18","Paraguay","Ramon Sosa","Jugador","https://scanini.app/es/teams/paraguay"
"PAR 19","19","Paraguay","Angel Romero","Jugador","https://scanini.app/es/teams/paraguay"
"PAR 20","20","Paraguay","Antonio Sanabria","Jugador","https://scanini.app/es/teams/paraguay"
"POR 1","1","Portugal","Escudo de Portugal","Escudo","https://scanini.app/es/teams/portugal"
"POR 2","2","Portugal","Diogo Costa","Jugador","https://scanini.app/es/teams/portugal"
"POR 3","3","Portugal","Jose Sa","Jugador","https://scanini.app/es/teams/portugal"
"POR 4","4","Portugal","Ruben Dias","Jugador","https://scanini.app/es/teams/portugal"
"POR 5","5","Portugal","João Cancelo","Jugador","https://scanini.app/es/teams/portugal"
"POR 6","6","Portugal","Diogo Dalot","Jugador","https://scanini.app/es/teams/portugal"
"POR 7","7","Portugal","Nuno Mendes","Jugador","https://scanini.app/es/teams/portugal"
"POR 8","8","Portugal","Gonçalo Inácio","Jugador","https://scanini.app/es/teams/portugal"
"POR 9","9","Portugal","Bernardo Silva","Jugador","https://scanini.app/es/teams/portugal"
"POR 10","10","Portugal","Bruno Fernandes","Jugador","https://scanini.app/es/teams/portugal"
"POR 11","11","Portugal","Ruben Neves","Jugador","https://scanini.app/es/teams/portugal"
"POR 12","12","Portugal","Vitinha","Jugador","https://scanini.app/es/teams/portugal"
"POR 13","13","Portugal","Foto del equipo de Portugal","Equipo","https://scanini.app/es/teams/portugal"
"POR 14","14","Portugal","João Neves","Jugador","https://scanini.app/es/teams/portugal"
"POR 15","15","Portugal","Cristiano Ronaldo","Jugador","https://scanini.app/es/teams/portugal"
"POR 16","16","Portugal","Francisco Trincao","Jugador","https://scanini.app/es/teams/portugal"
"POR 17","17","Portugal","João Felix","Jugador","https://scanini.app/es/teams/portugal"
"POR 18","18","Portugal","Gonçalo Ramos","Jugador","https://scanini.app/es/teams/portugal"
"POR 19","19","Portugal","Pedro Neto","Jugador","https://scanini.app/es/teams/portugal"
"POR 20","20","Portugal","Rafael Leão","Jugador","https://scanini.app/es/teams/portugal"
"QAT 1","1","Qatar","Escudo de Qatar","Escudo","https://scanini.app/es/teams/qatar"
"QAT 2","2","Qatar","Meshaal Barsham","Jugador","https://scanini.app/es/teams/qatar"
"QAT 3","3","Qatar","Sultan Albrake","Jugador","https://scanini.app/es/teams/qatar"
"QAT 4","4","Qatar","Lucas Mendes","Jugador","https://scanini.app/es/teams/qatar"
"QAT 5","5","Qatar","Homam Ahmed","Jugador","https://scanini.app/es/teams/qatar"
"QAT 6","6","Qatar","Boualem Khoukhi","Jugador","https://scanini.app/es/teams/qatar"
"QAT 7","7","Qatar","Pedro Miguel","Jugador","https://scanini.app/es/teams/qatar"
"QAT 8","8","Qatar","Tarek Salman","Jugador","https://scanini.app/es/teams/qatar"
"QAT 9","9","Qatar","Mohamed Al-Mannai","Jugador","https://scanini.app/es/teams/qatar"
"QAT 10","10","Qatar","Karim Boudiaf","Jugador","https://scanini.app/es/teams/qatar"
"QAT 11","11","Qatar","Assim Madibo","Jugador","https://scanini.app/es/teams/qatar"
"QAT 12","12","Qatar","Ahmed Fatehi","Jugador","https://scanini.app/es/teams/qatar"
"QAT 13","13","Qatar","Foto del equipo de Qatar","Equipo","https://scanini.app/es/teams/qatar"
"QAT 14","14","Qatar","Mohammed Waad","Jugador","https://scanini.app/es/teams/qatar"
"QAT 15","15","Qatar","Abdulaziz Hatem","Jugador","https://scanini.app/es/teams/qatar"
"QAT 16","16","Qatar","Hassan Al-Haydos","Jugador","https://scanini.app/es/teams/qatar"
"QAT 17","17","Qatar","Edmilson Junior","Jugador","https://scanini.app/es/teams/qatar"
"QAT 18","18","Qatar","Akram Hassan Afif","Jugador","https://scanini.app/es/teams/qatar"
"QAT 19","19","Qatar","Ahmed Al Ganehi","Jugador","https://scanini.app/es/teams/qatar"
"QAT 20","20","Qatar","Almoez Ali","Jugador","https://scanini.app/es/teams/qatar"
"RSA 1","1","South Africa","Escudo de South Africa","Escudo","https://scanini.app/es/teams/south-africa"
"RSA 2","2","South Africa","Ronwen Williams","Jugador","https://scanini.app/es/teams/south-africa"
"RSA 3","3","South Africa","Sipho Chaine","Jugador","https://scanini.app/es/teams/south-africa"
"RSA 4","4","South Africa","Aubrey Modiba","Jugador","https://scanini.app/es/teams/south-africa"
"RSA 5","5","South Africa","Samukele Kabini","Jugador","https://scanini.app/es/teams/south-africa"
"RSA 6","6","South Africa","Mbekezeli Mbokazi","Jugador","https://scanini.app/es/teams/south-africa"
"RSA 7","7","South Africa","Khulumani Ndamane","Jugador","https://scanini.app/es/teams/south-africa"
"RSA 8","8","South Africa","Siyabonga Ngezana","Jugador","https://scanini.app/es/teams/south-africa"
"RSA 9","9","South Africa","Khuliso Mudau","Jugador","https://scanini.app/es/teams/south-africa"
"RSA 10","10","South Africa","Nkosinathi Sibisi","Jugador","https://scanini.app/es/teams/south-africa"
"RSA 11","11","South Africa","Teboho Mokoena","Jugador","https://scanini.app/es/teams/south-africa"
"RSA 12","12","South Africa","Thalente Mbatha","Jugador","https://scanini.app/es/teams/south-africa"
"RSA 13","13","South Africa","Foto del equipo de South Africa","Equipo","https://scanini.app/es/teams/south-africa"
"RSA 14","14","South Africa","Bathasi Aubaas","Jugador","https://scanini.app/es/teams/south-africa"
"RSA 15","15","South Africa","Yaya Sithole","Jugador","https://scanini.app/es/teams/south-africa"
"RSA 16","16","South Africa","Sipho Mbule","Jugador","https://scanini.app/es/teams/south-africa"
"RSA 17","17","South Africa","Lyle Foster","Jugador","https://scanini.app/es/teams/south-africa"
"RSA 18","18","South Africa","Iqraam Rayners","Jugador","https://scanini.app/es/teams/south-africa"
"RSA 19","19","South Africa","Mohau Nkota","Jugador","https://scanini.app/es/teams/south-africa"
"RSA 20","20","South Africa","Oswin Appollis","Jugador","https://scanini.app/es/teams/south-africa"
"SCO 1","1","Scotland","Escudo de Scotland","Escudo","https://scanini.app/es/teams/scotland"
"SCO 2","2","Scotland","Angus Gunn","Jugador","https://scanini.app/es/teams/scotland"
"SCO 3","3","Scotland","Jack Hendry","Jugador","https://scanini.app/es/teams/scotland"
"SCO 4","4","Scotland","Kieran Tierney","Jugador","https://scanini.app/es/teams/scotland"
"SCO 5","5","Scotland","Aaron Hickey","Jugador","https://scanini.app/es/teams/scotland"
"SCO 6","6","Scotland","Andrew Robertson","Jugador","https://scanini.app/es/teams/scotland"
"SCO 7","7","Scotland","Scott McKenna","Jugador","https://scanini.app/es/teams/scotland"
"SCO 8","8","Scotland","John Souttar","Jugador","https://scanini.app/es/teams/scotland"
"SCO 9","9","Scotland","Anthony Ralston","Jugador","https://scanini.app/es/teams/scotland"
"SCO 10","10","Scotland","Grant Hanley","Jugador","https://scanini.app/es/teams/scotland"
"SCO 11","11","Scotland","Scott McTominay","Jugador","https://scanini.app/es/teams/scotland"
"SCO 12","12","Scotland","Billy Gilmour","Jugador","https://scanini.app/es/teams/scotland"
"SCO 13","13","Scotland","Foto del equipo de Scotland","Equipo","https://scanini.app/es/teams/scotland"
"SCO 14","14","Scotland","Lewis Ferguson","Jugador","https://scanini.app/es/teams/scotland"
"SCO 15","15","Scotland","Ryan Christie","Jugador","https://scanini.app/es/teams/scotland"
"SCO 16","16","Scotland","Kenny McLean","Jugador","https://scanini.app/es/teams/scotland"
"SCO 17","17","Scotland","John McGinn","Jugador","https://scanini.app/es/teams/scotland"
"SCO 18","18","Scotland","Lyndon Dykes","Jugador","https://scanini.app/es/teams/scotland"
"SCO 19","19","Scotland","Che Adams","Jugador","https://scanini.app/es/teams/scotland"
"SCO 20","20","Scotland","Ben Gannon-Doak","Jugador","https://scanini.app/es/teams/scotland"
"SEN 1","1","Senegal","Escudo de Senegal","Escudo","https://scanini.app/es/teams/senegal"
"SEN 2","2","Senegal","Edouard Mendy","Jugador","https://scanini.app/es/teams/senegal"
"SEN 3","3","Senegal","Yehvann Diouf","Jugador","https://scanini.app/es/teams/senegal"
"SEN 4","4","Senegal","Moussa Niakhaté","Jugador","https://scanini.app/es/teams/senegal"
"SEN 5","5","Senegal","Abdoulaye Seck","Jugador","https://scanini.app/es/teams/senegal"
"SEN 6","6","Senegal","Ismail Jakobs","Jugador","https://scanini.app/es/teams/senegal"
"SEN 7","7","Senegal","El Hadji Malick Diouf","Jugador","https://scanini.app/es/teams/senegal"
"SEN 8","8","Senegal","Kalidou Koulibaly","Jugador","https://scanini.app/es/teams/senegal"
"SEN 9","9","Senegal","Idrissa Gana Gueye","Jugador","https://scanini.app/es/teams/senegal"
"SEN 10","10","Senegal","Pape Matar Sarr","Jugador","https://scanini.app/es/teams/senegal"
"SEN 11","11","Senegal","Pape Gueye","Jugador","https://scanini.app/es/teams/senegal"
"SEN 12","12","Senegal","Habib Diarra","Jugador","https://scanini.app/es/teams/senegal"
"SEN 13","13","Senegal","Foto del equipo de Senegal","Equipo","https://scanini.app/es/teams/senegal"
"SEN 14","14","Senegal","Lamine Camara","Jugador","https://scanini.app/es/teams/senegal"
"SEN 15","15","Senegal","Sadio Mane","Jugador","https://scanini.app/es/teams/senegal"
"SEN 16","16","Senegal","Ismaïla Sarr","Jugador","https://scanini.app/es/teams/senegal"
"SEN 17","17","Senegal","Boulaye Dia","Jugador","https://scanini.app/es/teams/senegal"
"SEN 18","18","Senegal","Iliman Ndiaye","Jugador","https://scanini.app/es/teams/senegal"
"SEN 19","19","Senegal","Nicolas Jackson","Jugador","https://scanini.app/es/teams/senegal"
"SEN 20","20","Senegal","Krepin Diatta","Jugador","https://scanini.app/es/teams/senegal"
"SUI 1","1","Switzerland","Escudo de Switzerland","Escudo","https://scanini.app/es/teams/switzerland"
"SUI 2","2","Switzerland","Gregor Kobel","Jugador","https://scanini.app/es/teams/switzerland"
"SUI 3","3","Switzerland","Yvon Mvogo","Jugador","https://scanini.app/es/teams/switzerland"
"SUI 4","4","Switzerland","Manuel Akanji","Jugador","https://scanini.app/es/teams/switzerland"
"SUI 5","5","Switzerland","Ricardo Rodriguez","Jugador","https://scanini.app/es/teams/switzerland"
"SUI 6","6","Switzerland","Nico Elvedi","Jugador","https://scanini.app/es/teams/switzerland"
"SUI 7","7","Switzerland","Aurèle Amenda","Jugador","https://scanini.app/es/teams/switzerland"
"SUI 8","8","Switzerland","Silvan Widmer","Jugador","https://scanini.app/es/teams/switzerland"
"SUI 9","9","Switzerland","Granit Xhaka","Jugador","https://scanini.app/es/teams/switzerland"
"SUI 10","10","Switzerland","Denis Zakaria","Jugador","https://scanini.app/es/teams/switzerland"
"SUI 11","11","Switzerland","Remo Freuler","Jugador","https://scanini.app/es/teams/switzerland"
"SUI 12","12","Switzerland","Fabian Rieder","Jugador","https://scanini.app/es/teams/switzerland"
"SUI 13","13","Switzerland","Foto del equipo de Switzerland","Equipo","https://scanini.app/es/teams/switzerland"
"SUI 14","14","Switzerland","Ardon Jashari","Jugador","https://scanini.app/es/teams/switzerland"
"SUI 15","15","Switzerland","Johan Manzambi","Jugador","https://scanini.app/es/teams/switzerland"
"SUI 16","16","Switzerland","Michel Aebischer","Jugador","https://scanini.app/es/teams/switzerland"
"SUI 17","17","Switzerland","Breel Embolo","Jugador","https://scanini.app/es/teams/switzerland"
"SUI 18","18","Switzerland","Ruben Vargas","Jugador","https://scanini.app/es/teams/switzerland"
"SUI 19","19","Switzerland","Dan Ndoye","Jugador","https://scanini.app/es/teams/switzerland"
"SUI 20","20","Switzerland","Zeki Amdouni","Jugador","https://scanini.app/es/teams/switzerland"
"SWE 1","1","Sweden","Escudo de Sweden","Escudo","https://scanini.app/es/teams/sweden"
"SWE 2","2","Sweden","Victor Johansson","Jugador","https://scanini.app/es/teams/sweden"
"SWE 3","3","Sweden","Isak Hien","Jugador","https://scanini.app/es/teams/sweden"
"SWE 4","4","Sweden","Gabriel Gudmundsson","Jugador","https://scanini.app/es/teams/sweden"
"SWE 5","5","Sweden","Emil Holm","Jugador","https://scanini.app/es/teams/sweden"
"SWE 6","6","Sweden","Victor Nilsson Lindelöf","Jugador","https://scanini.app/es/teams/sweden"
"SWE 7","7","Sweden","Gustaf Lagerbielke","Jugador","https://scanini.app/es/teams/sweden"
"SWE 8","8","Sweden","Lucas Bergvall","Jugador","https://scanini.app/es/teams/sweden"
"SWE 9","9","Sweden","Hugo Larsson","Jugador","https://scanini.app/es/teams/sweden"
"SWE 10","10","Sweden","Jesper Karlström","Jugador","https://scanini.app/es/teams/sweden"
"SWE 11","11","Sweden","Yasin Ayari","Jugador","https://scanini.app/es/teams/sweden"
"SWE 12","12","Sweden","Mattias Svanberg","Jugador","https://scanini.app/es/teams/sweden"
"SWE 13","13","Sweden","Foto del equipo de Sweden","Equipo","https://scanini.app/es/teams/sweden"
"SWE 14","14","Sweden","Daniel Svensson","Jugador","https://scanini.app/es/teams/sweden"
"SWE 15","15","Sweden","Ken Sema","Jugador","https://scanini.app/es/teams/sweden"
"SWE 16","16","Sweden","Roony Bardghji","Jugador","https://scanini.app/es/teams/sweden"
"SWE 17","17","Sweden","Dejan Kulusevski","Jugador","https://scanini.app/es/teams/sweden"
"SWE 18","18","Sweden","Anthony Elanga","Jugador","https://scanini.app/es/teams/sweden"
"SWE 19","19","Sweden","Alexander Isak","Jugador","https://scanini.app/es/teams/sweden"
"SWE 20","20","Sweden","Viktor Gyökeres","Jugador","https://scanini.app/es/teams/sweden"
"TUN 1","1","Tunisia","Escudo de Tunisia","Escudo","https://scanini.app/es/teams/tunisia"
"TUN 2","2","Tunisia","Bechir Ben Said","Jugador","https://scanini.app/es/teams/tunisia"
"TUN 3","3","Tunisia","Aymen Dahmen","Jugador","https://scanini.app/es/teams/tunisia"
"TUN 4","4","Tunisia","Yan Valery","Jugador","https://scanini.app/es/teams/tunisia"
"TUN 5","5","Tunisia","Montassar Talbi","Jugador","https://scanini.app/es/teams/tunisia"
"TUN 6","6","Tunisia","Yassine Meriah","Jugador","https://scanini.app/es/teams/tunisia"
"TUN 7","7","Tunisia","Ali Abdi","Jugador","https://scanini.app/es/teams/tunisia"
"TUN 8","8","Tunisia","Dylan Bronn","Jugador","https://scanini.app/es/teams/tunisia"
"TUN 9","9","Tunisia","Ellyes Skhiri","Jugador","https://scanini.app/es/teams/tunisia"
"TUN 10","10","Tunisia","Aissa Laidouni","Jugador","https://scanini.app/es/teams/tunisia"
"TUN 11","11","Tunisia","Ferjani Sassi","Jugador","https://scanini.app/es/teams/tunisia"
"TUN 12","12","Tunisia","Mohamed Ali Ben Romdhane","Jugador","https://scanini.app/es/teams/tunisia"
"TUN 13","13","Tunisia","Foto del equipo de Tunisia","Equipo","https://scanini.app/es/teams/tunisia"
"TUN 14","14","Tunisia","Hannibal Mejbri","Jugador","https://scanini.app/es/teams/tunisia"
"TUN 15","15","Tunisia","Elias Achouri","Jugador","https://scanini.app/es/teams/tunisia"
"TUN 16","16","Tunisia","Elias Saad","Jugador","https://scanini.app/es/teams/tunisia"
"TUN 17","17","Tunisia","Hazem Mastouri","Jugador","https://scanini.app/es/teams/tunisia"
"TUN 18","18","Tunisia","Ismael Gharbi","Jugador","https://scanini.app/es/teams/tunisia"
"TUN 19","19","Tunisia","Sayfallah Ltaief","Jugador","https://scanini.app/es/teams/tunisia"
"TUN 20","20","Tunisia","Naim Sliti","Jugador","https://scanini.app/es/teams/tunisia"
"TUR 1","1","Turkey","Escudo de Turkey","Escudo","https://scanini.app/es/teams/turkey"
"TUR 2","2","Turkey","Ugurcan Cakir","Jugador","https://scanini.app/es/teams/turkey"
"TUR 3","3","Turkey","Mert Muldur","Jugador","https://scanini.app/es/teams/turkey"
"TUR 4","4","Turkey","Zeki Celik","Jugador","https://scanini.app/es/teams/turkey"
"TUR 5","5","Turkey","Abdulkerim Bardakci","Jugador","https://scanini.app/es/teams/turkey"
"TUR 6","6","Turkey","Caglar Soyuncu","Jugador","https://scanini.app/es/teams/turkey"
"TUR 7","7","Turkey","Merih Demiral","Jugador","https://scanini.app/es/teams/turkey"
"TUR 8","8","Turkey","Ferdi Kadioglu","Jugador","https://scanini.app/es/teams/turkey"
"TUR 9","9","Turkey","Kaan Ayhan","Jugador","https://scanini.app/es/teams/turkey"
"TUR 10","10","Turkey","Ismail Yuksek","Jugador","https://scanini.app/es/teams/turkey"
"TUR 11","11","Turkey","Hakan Calhanoglu","Jugador","https://scanini.app/es/teams/turkey"
"TUR 12","12","Turkey","Orkun Kokcu","Jugador","https://scanini.app/es/teams/turkey"
"TUR 13","13","Turkey","Foto del equipo de Turkey","Equipo","https://scanini.app/es/teams/turkey"
"TUR 14","14","Turkey","Arda Guler","Jugador","https://scanini.app/es/teams/turkey"
"TUR 15","15","Turkey","Irfan Can Kahveci","Jugador","https://scanini.app/es/teams/turkey"
"TUR 16","16","Turkey","Yunus Akgun","Jugador","https://scanini.app/es/teams/turkey"
"TUR 17","17","Turkey","Can Uzun","Jugador","https://scanini.app/es/teams/turkey"
"TUR 18","18","Turkey","Baris Alper Yilmaz","Jugador","https://scanini.app/es/teams/turkey"
"TUR 19","19","Turkey","Kerem Akturkoglu","Jugador","https://scanini.app/es/teams/turkey"
"TUR 20","20","Turkey","Kenan Yildiz","Jugador","https://scanini.app/es/teams/turkey"
"URU 1","1","Uruguay","Escudo de Uruguay","Escudo","https://scanini.app/es/teams/uruguay"
"URU 2","2","Uruguay","Sergio Rochet","Jugador","https://scanini.app/es/teams/uruguay"
"URU 3","3","Uruguay","Santiago Mele","Jugador","https://scanini.app/es/teams/uruguay"
"URU 4","4","Uruguay","Ronald Araujo","Jugador","https://scanini.app/es/teams/uruguay"
"URU 5","5","Uruguay","José María Giménez","Jugador","https://scanini.app/es/teams/uruguay"
"URU 6","6","Uruguay","Sebastian Caceres","Jugador","https://scanini.app/es/teams/uruguay"
"URU 7","7","Uruguay","Mathias Olivera","Jugador","https://scanini.app/es/teams/uruguay"
"URU 8","8","Uruguay","Guillermo Varela","Jugador","https://scanini.app/es/teams/uruguay"
"URU 9","9","Uruguay","Nahitan Nandez","Jugador","https://scanini.app/es/teams/uruguay"
"URU 10","10","Uruguay","Federico Valverde","Jugador","https://scanini.app/es/teams/uruguay"
"URU 11","11","Uruguay","Giorgian De Arrascaeta","Jugador","https://scanini.app/es/teams/uruguay"
"URU 12","12","Uruguay","Rodrigo Bentancur","Jugador","https://scanini.app/es/teams/uruguay"
"URU 13","13","Uruguay","Foto del equipo de Uruguay","Equipo","https://scanini.app/es/teams/uruguay"
"URU 14","14","Uruguay","Manuel Ugarte","Jugador","https://scanini.app/es/teams/uruguay"
"URU 15","15","Uruguay","Nicolás de la Cruz","Jugador","https://scanini.app/es/teams/uruguay"
"URU 16","16","Uruguay","Maxi Araujo","Jugador","https://scanini.app/es/teams/uruguay"
"URU 17","17","Uruguay","Darwin Núñez","Jugador","https://scanini.app/es/teams/uruguay"
"URU 18","18","Uruguay","Federico Viñas","Jugador","https://scanini.app/es/teams/uruguay"
"URU 19","19","Uruguay","Rodrigo Aguirre","Jugador","https://scanini.app/es/teams/uruguay"
"URU 20","20","Uruguay","Facundo Pellistri","Jugador","https://scanini.app/es/teams/uruguay"
"USA 1","1","United States","Escudo de United States","Escudo","https://scanini.app/es/teams/united-states"
"USA 2","2","United States","Math Freese","Jugador","https://scanini.app/es/teams/united-states"
"USA 3","3","United States","Chris Richards","Jugador","https://scanini.app/es/teams/united-states"
"USA 4","4","United States","Tim Ream","Jugador","https://scanini.app/es/teams/united-states"
"USA 5","5","United States","Mark McKenzie","Jugador","https://scanini.app/es/teams/united-states"
"USA 6","6","United States","Alex Freeman","Jugador","https://scanini.app/es/teams/united-states"
"USA 7","7","United States","Antonee Robinson","Jugador","https://scanini.app/es/teams/united-states"
"USA 8","8","United States","Tyler Adams","Jugador","https://scanini.app/es/teams/united-states"
"USA 9","9","United States","Tanner Tessmann","Jugador","https://scanini.app/es/teams/united-states"
"USA 10","10","United States","Weston McKenny","Jugador","https://scanini.app/es/teams/united-states"
"USA 11","11","United States","Christian Roldan","Jugador","https://scanini.app/es/teams/united-states"
"USA 12","12","United States","Timothy Weah","Jugador","https://scanini.app/es/teams/united-states"
"USA 13","13","United States","Foto del equipo de United States","Equipo","https://scanini.app/es/teams/united-states"
"USA 14","14","United States","Diego Luna","Jugador","https://scanini.app/es/teams/united-states"
"USA 15","15","United States","Malik Tillman","Jugador","https://scanini.app/es/teams/united-states"
"USA 16","16","United States","Christian Pulisic","Jugador","https://scanini.app/es/teams/united-states"
"USA 17","17","United States","Brenden Aaronson","Jugador","https://scanini.app/es/teams/united-states"
"USA 18","18","United States","Ricardo Pepi","Jugador","https://scanini.app/es/teams/united-states"
"USA 19","19","United States","Haji Wright","Jugador","https://scanini.app/es/teams/united-states"
"USA 20","20","United States","Folarin Balogun","Jugador","https://scanini.app/es/teams/united-states"
"UZB 1","1","Uzbekistan","Escudo de Uzbekistan","Escudo","https://scanini.app/es/teams/uzbekistan"
"UZB 2","2","Uzbekistan","Utkir Yusupov","Jugador","https://scanini.app/es/teams/uzbekistan"
"UZB 3","3","Uzbekistan","Farrukh Savfiev","Jugador","https://scanini.app/es/teams/uzbekistan"
"UZB 4","4","Uzbekistan","Sherzod Nasrullaev","Jugador","https://scanini.app/es/teams/uzbekistan"
"UZB 5","5","Uzbekistan","Umar Eshmurodov","Jugador","https://scanini.app/es/teams/uzbekistan"
"UZB 6","6","Uzbekistan","Husniddin Aliqulov","Jugador","https://scanini.app/es/teams/uzbekistan"
"UZB 7","7","Uzbekistan","Rustamjon Ashurmatov","Jugador","https://scanini.app/es/teams/uzbekistan"
"UZB 8","8","Uzbekistan","Khojiakbar Alijonov","Jugador","https://scanini.app/es/teams/uzbekistan"
"UZB 9","9","Uzbekistan","Abdukodir Khusanov","Jugador","https://scanini.app/es/teams/uzbekistan"
"UZB 10","10","Uzbekistan","Odiljon Hamrobekov","Jugador","https://scanini.app/es/teams/uzbekistan"
"UZB 11","11","Uzbekistan","Otabek Shukurov","Jugador","https://scanini.app/es/teams/uzbekistan"
"UZB 12","12","Uzbekistan","Jamshid Iskanderov","Jugador","https://scanini.app/es/teams/uzbekistan"
"UZB 13","13","Uzbekistan","Foto del equipo de Uzbekistan","Equipo","https://scanini.app/es/teams/uzbekistan"
"UZB 14","14","Uzbekistan","Azizbek Turgunboev","Jugador","https://scanini.app/es/teams/uzbekistan"
"UZB 15","15","Uzbekistan","Khojimat Erkinov","Jugador","https://scanini.app/es/teams/uzbekistan"
"UZB 16","16","Uzbekistan","Eldor Shomurodov","Jugador","https://scanini.app/es/teams/uzbekistan"
"UZB 17","17","Uzbekistan","Oston Urunov","Jugador","https://scanini.app/es/teams/uzbekistan"
"UZB 18","18","Uzbekistan","Jaloliddin Masharipov","Jugador","https://scanini.app/es/teams/uzbekistan"
"UZB 19","19","Uzbekistan","Igor Sergeev","Jugador","https://scanini.app/es/teams/uzbekistan"
"UZB 20","20","Uzbekistan","Abbosbek Fayzullaev","Jugador","https://scanini.app/es/teams/uzbekistan"